molecule_chembl_id,canonical_smiles,standard_value,binding_affinity
CHEMBL470465,C#CC(O)/C=C/CCCCCC#CC/C=C\CCCCCCCCCCC/C=C\C#CC(=O)O,0.16,-6.387
CHEMBL465330,C#C[C@@H](O)/C=C/CCCCCC#CC#CCCCC#CCCCC#CCCCCCC#CC(=O)O,0.25,-7.597
CHEMBL4634355,O=c1cc(-c2cc(O)c(O)c(O)c2)c2ccc(O)c(O)c2o1,0.25,-7.446
CHEMBL3349437,OC[C@@]1(O)C[C@H](NCCc2ccccc2)[C@H](O)[C@@H](O)[C@@H]1O,2.3,-6.531
CHEMBL2374254,OC[C@@]1(O)C[C@H](NC[C@H](O)c2ccccc2)[C@H](O)[C@H](O)[C@H]1O,2.9,-6.126
CHEMBL361025,O=c1c2cc(O)ccc2oc2cc(O)cc(O)c12,3.2,-6.484
CHEMBL3349441,OC[C@@]1(O)C[C@H](NCc2cccs2)[C@H](O)[C@@H](O)[C@@H]1O,3.3,-5.68
CHEMBL465332,C#C[C@@H](O)/C=C/CCCCCCC#C[C@@H](O)/C=C/[C@H](O)C#CCCCCCC/C=C/[C@H](O)C#C,4.08,-7.311
CHEMBL169,C[C@H]1[C@H](C)CC[C@]2(C(=O)O)CC[C@]3(C)C(=CC[C@@H]4[C@@]5(C)CC[C@H](O)C(C)(C)[C@@H]5CC[C@]43C)[C@H]12,4.42,-6.751
CHEMBL3349431,OCN(CO)[C@H]1C[C@](O)(CO)[C@@H](O)[C@H](O)[C@H]1O,4.6,-4.707
CHEMBL2051983,CO[C@H]1O[C@H](C)[C@@H](N[C@H]2C[C@](O)(CO)[C@@H](O)[C@H](O)[C@H]2O)[C@H](O)[C@H]1O,4.9,-5.417
CHEMBL3349432,OC[C@@]1(O)C[C@H](N[C@@H]2CCCC[C@H]2O)[C@H](O)[C@@H](O)[C@@H]1O,5.2,-5.999
CHEMBL151,O=c1cc(-c2ccc(O)c(O)c2)oc2cc(O)cc(O)c12,5.96,-7.077
CHEMBL2374253,OC[C@H](N[C@H]1C[C@](O)(CO)[C@@H](O)[C@H](O)[C@H]1O)c1ccccc1,6.6,-6.144
CHEMBL3349442,CC(C)(C)c1cc(CN[C@H]2C[C@](O)(CO)[C@@H](O)[C@H](O)[C@H]2O)cc(C(C)(C)C)c1O,6.8,-6.815
CHEMBL2051761,C[C@H]1C[C@H](N)[C@H](O)[C@@H](O)[C@@H]1N[C@H]1C[C@](O)(CO)[C@@H](O)[C@H](O)[C@H]1O,7.5,-6.196
CHEMBL2436928,COc1c(O)cc2oc3ccc(O)cc3c(=O)c2c1O,7.6,-6.647
CHEMBL3349433,OC[C@@]1(O)C[C@H](NCC2CCCCC2)[C@H](O)[C@@H](O)[C@@H]1O,9.3,-5.783
CHEMBL86772,OCC12OC(Nc3ccccc3)=NC1C(O)C(O)C2O,10.3,-5.992
CHEMBL3349438,CC(C)=CCC/C(C)=C/CN[C@H]1C[C@](O)(CO)[C@@H](O)[C@H](O)[C@H]1O,11,-6.396
CHEMBL5274472,COc1c(O)cc(O)c2c(=O)c3cc(O)ccc3oc12,12.8,-6.256
CHEMBL4100829,COc1cc(O)c2c(=O)c3cc(O)ccc3oc2c1OC,13.2,-6.373
CHEMBL3349443,OC[C@@]1(O)C[C@H](NC/C=C/c2ccccc2)[C@H](O)[C@@H](O)[C@@H]1O,14,-6.443
CHEMBL3349434,OC[C@@]1(O)C[C@H](NC2CCCCC2)[C@H](O)[C@@H](O)[C@@H]1O,15,-5.67
CHEMBL3349446,OC[C@@]1(O)C[C@H](NCc2cccnc2)[C@H](O)[C@@H](O)[C@@H]1O,15,-5.742
CHEMBL3349435,OC[C@@]1(O)C[C@H](NCc2ccc(Br)cc2)[C@H](O)[C@@H](O)[C@@H]1O,15,-6.28
CHEMBL259025,O=c1ccc2ccc(Oc3cc4ccc(O)cc4oc3=O)cc2o1,18.7,-9.049
CHEMBL5179527,Cc1nc2ccccc2n(CC(=O)N/N=C/c2ccc(OCCn3cc(CN4CCOCC4)nn3)cc2)c1=O,21.92,-8.653
CHEMBL320116,OCC1NC(CO)[C@H](O)[C@@H](O)[C@@H]1O,22,-4.448
CHEMBL5183163,Cc1nc2ccccc2n(CC(=O)N/N=C/c2ccc(OCCn3cc(CN4CCCCC4)nn3)cc2)c1=O,22.32,-8.772
CHEMBL4856778,O=c1c2cc(O)c(O)cc2oc2cc(O)c([C@H]3O[C@@H](CO)[C@H](O)[C@@H](O)[C@@H]3O)c(O)c12,22.7,-7.355
CHEMBL5179462,Cc1nc2ccccc2n(CC(=O)N/N=C/c2ccc(OCCn3cc(CN4CCCC4)nn3)cc2)c1=O,23.58,-9.32
CHEMBL5171904,Cc1ccc(-n2cc(COc3ccc(/C=N/NC(=O)Cn4c(=O)c(C)nc5ccccc54)cc3)nn2)cc1,24.5,-10.273
CHEMBL484030,COc1ccc(O)c2c(=O)c3cc(O)ccc3oc12,27.6,-6.518
CHEMBL5402358,Brc1cccc(CSc2nnc(-c3ccc4nc(-c5ccccc5)c(-c5ccccc5)nc4c3)o2)c1,28.47,-10.349
CHEMBL307429,OC[C@H]1NC[C@H](O)[C@@H](O)[C@@H]1O,30,-4.927
CHEMBL506203,COc1cc(C(=O)OCc2ccc(O[C@@H]3O[C@H](COC(=O)/C=C/c4ccc(O)c(O)c4)[C@@H](O)[C@H](O)[C@H]3O)c(O)c2)ccc1O,34,-8.261
CHEMBL2051982,C[C@H]1C[C@@H](O)[C@H](O)[C@@H](O)[C@H]1N[C@H]1C[C@](O)(CO)[C@@H](O)[C@H](O)[C@H]1O,35,-5.349
CHEMBL2051762,C[C@H]1C[C@H](O)[C@H](O)[C@@H](O)[C@H]1N[C@H]1C[C@](O)(CO)[C@@H](O)[C@H](O)[C@H]1O,36,-5.465
CHEMBL498833,C=C(C)[C@@H]1CC[C@]2(C(=O)O)CC[C@]3(C)[C@H](CC[C@@H]4[C@@]5(C)Cc6c([nH]c7ccccc67)C(C)(C)[C@@H]5CC[C@]43C)[C@@H]12,40,-4.632
CHEMBL501355,OC[C@H]1N[C@H](CO)[C@@H](O)[C@H](O)[C@H]1O,40,-4.413
CHEMBL75971,CN1C[C@H](O)[C@@H](O)[C@H](O)[C@H]1CO,40,-3.909
CHEMBL3814496,O=[N+]([O-])c1ccccc1CO[C@@H](CO)[C@H](O)C[S+]1C[C@@H](O)[C@H](O)[C@H]1CO.[Cl-],42,None
CHEMBL4083803,COc1ccc2oc3ccc(O)cc3c(=O)c2c1OC,48.5,-6.442
CHEMBL222396,N[C@H]1C[C@](O)(CO)[C@@H](O)[C@H](O)[C@H]1O,49,-4.355
CHEMBL462972,O=c1ccc2ccc(Oc3cc4cc(O)c(O)cc4oc3=O)cc2o1,49.6,-8.445
CHEMBL5269730,COc1cc(OC)c2c(=O)c3c(O)c(OC)ccc3oc2c1O,59,-6.465
CHEMBL2442258,CN1[C@H](CO)[C@H](O)[C@@H](O)[C@H](O)[C@H]1CO,60,-4.244
CHEMBL5286029,O=C(CO)CCC(=O)c1nc(C(=O)O)cc2c1[nH]c1ccccc12,63.3,-7.063
CHEMBL5287044,COc1c(O)cc2oc3ccc(O)c(OC)c3c(=O)c2c1O,63.4,-6.621
CHEMBL2237045,CC[C@H](/C=C/[C@@H](C)[C@H]1CC[C@H]2[C@@H]3CC=C4CC(OC(C)=O)CC[C@]4(C)[C@H]3CC[C@]12C)C(C)C,67.43,-7.757
CHEMBL465360,O=c1cc(-c2ccc(O)cc2)oc2cc(O)c([C@@H]3O[C@H](CO)[C@@H](O)[C@H](O)[C@H]3O)c(O)c12,68.71,-7.052
CHEMBL4448264,O=c1oc2ccccc2cc1-c1nn(C(Nc2ccc(Oc3ccc(NC(c4cccc(Br)c4)n4nc(-c5cc6ccccc6oc5=O)oc4=S)cc3)cc2)c2cccc(Br)c2)c(=S)o1,70,-8.618
CHEMBL4533762,CN(C)c1ccc(C(Nc2ccc(NC(c3ccc(N(C)C)cc3)n3nc(-c4cc(=O)oc5ccccc45)oc3=S)cc2)n2nc(-c3cc4ccccc4oc3=O)oc2=S)cc1,70,-8.918
CHEMBL4438224,O=c1cc(-c2nn(C(Nc3ccc(NC(c4ccc(Cl)cc4Cl)n4nc(-c5cc6ccccc6oc5=O)oc4=S)cc3)c3ccc(Cl)cc3Cl)c(=S)o2)c2ccccc2o1,70,-9.548
CHEMBL4513326,COc1cccc(C(Nc2ccc(NC(c3cccc(OC)c3)n3nc(-c4cc(=O)oc5ccccc45)oc3=S)cc2)n2nc(-c3cc4ccccc4oc3=O)oc2=S)c1,70,-8.877
CHEMBL4549180,CN(C)c1ccc(C(Nc2ccc(Oc3ccc(NC(c4ccc(N(C)C)cc4)n4nc(-c5cc6ccccc6oc5=O)oc4=S)cc3)cc2)n2nc(-c3cc4ccccc4oc3=O)oc2=S)cc1,70,-9.399
CHEMBL4459113,O=c1cc(-c2nn(C(Nc3ccc(NC(c4cccc(Br)c4)n4nc(-c5cc6ccccc6oc5=O)oc4=S)cc3)c3cccc(Br)c3)c(=S)o2)c2ccccc2o1,70,-9.695
CHEMBL4464119,O=c1oc2ccccc2cc1-c1nn(C(Nc2ccc(Oc3ccc(NC(c4ccc(Cl)cc4)n4nc(-c5cc6ccccc6oc5=O)oc4=S)cc3)cc2)c2ccc(Cl)cc2)c(=S)o1,70,-7.6
CHEMBL4449167,O=c1cc(-c2nn(C(Nc3ccc(NC(c4ccc(Cl)cc4)n4nc(-c5cc6ccccc6oc5=O)oc4=S)cc3)c3ccc(Cl)cc3)c(=S)o2)c2ccccc2o1,70,-10.963
CHEMBL4461882,COc1cccc(C(Nc2ccc(-c3ccc(NC(c4cccc(OC)c4)n4nc(-c5cc(=O)oc6ccccc56)oc4=S)cc3)cc2)n2nc(-c3cc4ccccc4oc3=O)oc2=S)c1,70,-8.479
CHEMBL4552230,O=c1cc(-c2nn(C(Nc3ccc(-c4ccc(NC(c5ccc(Br)cc5)n5nc(-c6cc7ccccc7oc6=O)oc5=S)cc4)cc3)c3ccc(Br)cc3)c(=S)o2)c2ccccc2o1,70,-12.456
CHEMBL4461780,O=c1cc(-c2nn(C(Nc3ccc(-c4ccc(NC(c5cccc(Cl)c5)n5nc(-c6cc7ccccc7oc6=O)oc5=S)cc4)cc3)c3cccc(Cl)c3)c(=S)o2)c2ccccc2o1,70,-8.765
CHEMBL4448529,Cc1ccc(C(Nc2ccc(-c3ccc(NC(c4ccc(C)cc4)n4nc(-c5cc(=O)oc6ccccc56)oc4=S)cc3)cc2)n2nc(-c3cc4ccccc4oc3=O)oc2=S)cc1,70,-11.521
CHEMBL4551617,O=c1cc(-c2nn(C(Nc3ccc(NC(c4ccc([N+](=O)[O-])cc4)n4nc(-c5cc6ccccc6oc5=O)oc4=S)cc3)c3ccc([N+](=O)[O-])cc3)c(=S)o2)c2ccccc2o1,70,-9.115
CHEMBL4467305,CN(C)c1ccc(C(Nc2ccc(-c3ccc(NC(c4ccc(N(C)C)cc4)n4nc(-c5cc(=O)oc6ccccc56)oc4=S)cc3)cc2)n2nc(-c3cc4ccccc4oc3=O)oc2=S)cc1,70,-6.873
CHEMBL4547928,Cc1ccc(C(Nc2ccc(Oc3ccc(NC(c4ccc(C)cc4)n4nc(-c5cc6ccccc6oc5=O)oc4=S)cc3)cc2)n2nc(-c3cc4ccccc4oc3=O)oc2=S)cc1,70,-8.718
CHEMBL4549137,O=c1oc2ccccc2cc1-c1nn(C(Nc2ccc(Oc3ccc(NC(c4ccc(Br)cc4)n4nc(-c5cc6ccccc6oc5=O)oc4=S)cc3)cc2)c2ccc(Br)cc2)c(=S)o1,70,-9.976
CHEMBL4535608,O=c1cc(-c2nn(C(Nc3ccc(NC(c4cccc(Cl)c4)n4nc(-c5cc6ccccc6oc5=O)oc4=S)cc3)c3cccc(Cl)c3)c(=S)o2)c2ccccc2o1,70,-9.103
CHEMBL4468520,O=c1oc2ccccc2cc1-c1nn(C(Nc2ccc(Oc3ccc(NC(c4ccc([N+](=O)[O-])cc4)n4nc(-c5cc6ccccc6oc5=O)oc4=S)cc3)cc2)c2ccc([N+](=O)[O-])cc2)c(=S)o1,70,-7.328
CHEMBL4468873,Cc1ccc(C(Nc2ccc(NC(c3ccc(C)cc3)n3nc(-c4cc(=O)oc5ccccc45)oc3=S)cc2)n2nc(-c3cc4ccccc4oc3=O)oc2=S)cc1,70,-12.279
CHEMBL4448033,O=c1cc(-c2nn(C(Nc3ccc(-c4ccc(NC(c5ccc(Cl)cc5Cl)n5nc(-c6cc7ccccc7oc6=O)oc5=S)cc4)cc3)c3ccc(Cl)cc3Cl)c(=S)o2)c2ccccc2o1,70,-3.495
CHEMBL4466971,O=c1cc(-c2nn(C(Nc3ccc(-c4ccc(NC(c5cccc(Br)c5)n5nc(-c6cc7ccccc7oc6=O)oc5=S)cc4)cc3)c3cccc(Br)c3)c(=S)o2)c2ccccc2o1,70,-7.077
CHEMBL4538427,O=c1cc(-c2nn(C(Nc3ccc(NC(c4ccc(F)cc4)n4nc(-c5cc6ccccc6oc5=O)oc4=S)cc3)c3ccc(F)cc3)c(=S)o2)c2ccccc2o1,70,-9.132
CHEMBL4574481,O=c1cc(-c2nn(C(Nc3ccc(-c4ccc(NC(c5ccc(Cl)cc5)n5nc(-c6cc7ccccc7oc6=O)oc5=S)cc4)cc3)c3ccc(Cl)cc3)c(=S)o2)c2ccccc2o1,70,-7.737
CHEMBL4451108,O=c1cc(-c2nn(C(Nc3ccc(-c4ccc(NC(c5ccc([N+](=O)[O-])cc5)n5nc(-c6cc7ccccc7oc6=O)oc5=S)cc4)cc3)c3ccc([N+](=O)[O-])cc3)c(=S)o2)c2ccccc2o1,70,-7.546
CHEMBL4453742,O=c1oc2ccccc2cc1-c1nn(C(Nc2ccc(Oc3ccc(NC(c4ccc(Cl)cc4Cl)n4nc(-c5cc6ccccc6oc5=O)oc4=S)cc3)cc2)c2ccc(Cl)cc2Cl)c(=S)o1,70,-9.391
CHEMBL2051981,CO[C@H]1O[C@H](CO)[C@@H](N[C@H]2C[C@](O)(CO)[C@@H](O)[C@H](O)[C@H]2O)[C@H](O)[C@H]1O,72,-5.241
CHEMBL5271914,O=c1c2cc(O)c(O)cc2oc2c([C@H]3O[C@@H](CO)[C@H](O)[C@@H](O)[C@@H]3O)c(O)cc(O)c12,76.98,-7.648
CHEMBL5289086,COc1ccc2oc3ccc(O)cc3c(=O)c2c1,77.3,-7.05
CHEMBL186068,CCCCCCCCN1CC(O)C(O)C(O)C1CO,80,-5.548
CHEMBL187158,CCCCCCCCCN1CC(O)C(O)C(O)C1CO,80,-5.234
CHEMBL4854113,Cc1nnc(SC(=O)c2ccc(-c3cccc(F)c3)o2)s1,82,-7.947
CHEMBL508494,COc1cc2cc(Oc3ccc4ccc(=O)oc4c3)c(=O)oc2cc1O,86,-8.852
CHEMBL3815109,CC(C)(C)CO[C@@H](CO)[C@H](O)C[S+]1C[C@@H](O)[C@H](O)[C@H]1CO.[Cl-],90,None
CHEMBL3814988,CC(C)CO[C@@H](CO)[C@H](O)C[S+]1C[C@@H](O)[C@H](O)[C@H]1CO.[Cl-],90,None
CHEMBL4441658,Cc1ccccc1N1C(=O)/C(=C/c2ccc(F)cc2)S/C1=N\NC(=O)c1cc2ccccc2oc1=O,90,-8.875
CHEMBL4516968,O=C(N/N=C1\S/C(=C\c2ccc(F)cc2)C(=O)N1c1ccc(Cl)cc1)c1cc2ccccc2oc1=O,90,-11.265
CHEMBL4463785,COc1ccccc1N1C(=O)/C(=C/c2ccc(F)cc2)S/C1=N\NC(=O)c1cc2ccccc2oc1=O,90,-8.695
CHEMBL4557506,Cc1cccc(C)c1N1C(=O)/C(=C/c2ccc(F)cc2)S/C1=N\NC(=O)c1cc2ccccc2oc1=O,90,-10.256
CHEMBL4457539,COc1ccc(N2C(=O)/C(=C/c3ccc(F)cc3)S/C2=N\NC(=O)c2cc3ccccc3oc2=O)cc1,90,-8.605
CHEMBL4561204,Cc1ccc(N2C(=O)/C(=C/c3ccc(F)cc3)S/C2=N\NC(=O)c2cc3ccccc3oc2=O)c(C)c1,90,-9.24
CHEMBL4469426,COc1cccc(N2C(=O)/C(=C/c3ccc(F)cc3)S/C2=N\NC(=O)c2cc3ccccc3oc2=O)c1,90,-8.893
CHEMBL4127059,Cc1ccc(N2C(=O)/C(=C/c3ccc(F)cc3)S/C2=N\NC(=O)c2cc3ccccc3oc2=O)cc1,90,-9.844
CHEMBL4589823,Cc1cccc(N2C(=O)/C(=C/c3ccc(F)cc3)S/C2=N\NC(=O)c2cc3ccccc3oc2=O)c1,90,-9.65
CHEMBL4475313,O=C(N/N=C1\S/C(=C\c2ccc(F)cc2)C(=O)N1c1ccccc1Cl)c1cc2ccccc2oc1=O,90,-9.858
CHEMBL4531736,Cc1ccc(N2C(=O)/C(=C/c3ccc(F)cc3)S/C2=N\NC(=O)c2cc3ccccc3oc2=O)cc1C,90,-8.703
CHEMBL4591646,Cc1cc(C)cc(N2C(=O)/C(=C/c3ccc(F)cc3)S/C2=N\NC(=O)c2cc3ccccc3oc2=O)c1,90,-10.366
CHEMBL4535006,Cc1ccc(C(c2c[nH]c3ccc(C(=O)NNS(=O)(=O)c4ccc(Br)cc4)cc23)c2c[nH]c3ccc(C(=O)NNS(=O)(=O)c4ccc(Br)cc4)cc23)cc1,100,-10.413
CHEMBL4444058,Cc1ccc(C(c2c[nH]c3ccc(C(=O)NNS(=O)(=O)c4ccccc4Br)cc23)c2c[nH]c3ccc(C(=O)NNS(=O)(=O)c4ccccc4Br)cc23)cc1,100,-7.979
CHEMBL4450153,Cc1ccc(C(c2c[nH]c3ccc(C(=O)NNS(=O)(=O)c4ccccc4Cl)cc23)c2c[nH]c3ccc(C(=O)NNS(=O)(=O)c4ccccc4Cl)cc23)cc1,100,-12.105
CHEMBL1029,CCCCN1C[C@H](O)[C@@H](O)[C@H](O)[C@H]1CO,100,-4.779
CHEMBL2051759,CO[C@H]1O[C@H](CO)[C@H](N[C@H]2C[C@](O)(CO)[C@@H](O)[C@H](O)[C@H]2O)[C@H](O)[C@H]1O,100,-5.604
CHEMBL4592050,Cc1ccc(C(c2c[nH]c3ccc(C(=O)NNS(=O)(=O)c4cccc(Cl)c4Cl)cc23)c2c[nH]c3ccc(C(=O)NNS(=O)(=O)c4cccc(Cl)c4Cl)cc23)cc1,100,-9.697
CHEMBL4465117,Cc1ccc(C(c2c[nH]c3ccc(C(=O)NNS(=O)(=O)c4ccc(Cl)c(Cl)c4)cc23)c2c[nH]c3ccc(C(=O)NNS(=O)(=O)c4ccc(Cl)c(Cl)c4)cc23)cc1,100,-8.571
CHEMBL458472,COc1cc(C(=O)OCc2ccc(O[C@@H]3O[C@H](COC(C)=O)[C@@H](O)[C@H](O)[C@H]3O)c(O)c2)ccc1O,100,-8.26
CHEMBL4476028,Cc1cs/c(=N\C(=O)c2ccco2)n1-c1cc(Cl)c(Cl)cc1Cl,100,-6.4
CHEMBL4443277,Cc1cs/c(=N\C(=O)c2cc3ccccc3oc2=O)n1-c1cc(Cl)c(Cl)cc1Cl,100,-8.388
CHEMBL4442767,Cc1cccc(C(=O)/N=c2\scc(C)n2-c2cc(Cl)c(Cl)cc2Cl)c1,100,-7.783
CHEMBL4457996,COc1ccc(C(=O)/N=c2\scc(C)n2-c2cc(Cl)c(Cl)cc2Cl)cc1,100,-7.29
CHEMBL4444856,Cc1ccc(C(c2c[nH]c3ccc(C(=O)NNS(=O)(=O)c4cc(Cl)ccc4Cl)cc23)c2c[nH]c3ccc(C(=O)NNS(=O)(=O)c4cc(Cl)ccc4Cl)cc23)cc1,100,-9.612
CHEMBL470042,C=C1C[C@H]2[C@@](C)(C(=O)C(O)=C3C(C)(C)C(=O)CC[C@@]32C)[C@@H]2C(=O)O[C@@](C)(C(=O)OC)C(=O)[C@@]12C,100,-6.545
CHEMBL515507,COc1cc(C(=O)OCc2ccc(O[C@@H]3O[C@H](CO)[C@@H](O)[C@H](O)[C@H]3O)c(O)c2)ccc1O,100,-7.876
CHEMBL470039,COc1cc(-c2cc3c(c(=O)o2)C[C@]2(O)[C@@]4(C)C(=O)C=CC(C)(C)[C@]4(O)CC[C@@]2(C)O3)cc2c1OCO2,100,-7.938
CHEMBL4468394,Cc1ccc(C(c2c[nH]c3ccc(C(=O)NNS(=O)(=O)c4cc(Cl)cc(Cl)c4)cc23)c2c[nH]c3ccc(C(=O)NNS(=O)(=O)c4cc(Cl)cc(Cl)c4)cc23)cc1,100,-8.361
CHEMBL4459920,Cc1ccc(C(c2c[nH]c3ccc(C(=O)NNS(=O)(=O)c4ccc(C)cc4)cc23)c2c[nH]c3ccc(C(=O)NNS(=O)(=O)c4ccc(C)cc4)cc23)cc1,100,-7.953
CHEMBL4543754,Cc1cs/c(=N\C(=O)c2ccccc2Cl)n1-c1cc(Cl)c(Cl)cc1Cl,100,-6.969
CHEMBL4526576,Cc1ccc(C(c2c[nH]c3ccc(C(=O)NNS(=O)(=O)c4ccc(Cl)cc4Cl)cc23)c2c[nH]c3ccc(C(=O)NNS(=O)(=O)c4ccc(Cl)cc4Cl)cc23)cc1,100,-9.112
CHEMBL511953,C=C1C[C@]2(O)[C@@]3(C)CCC(=O)C(C)(C)C3=C(O)C(=O)[C@@]2(C)[C@@H]2C(=O)O[C@@](C)(C(=O)OC)C(=O)[C@@]12C,100,-7.886
CHEMBL5276586,Cl.O=[N+]([O-])c1ccccc1C1OC[C@@H](O)[C@@H]([C@H](O)C[S@+]2C[C@@H](O)[C@H](O)[C@H]2CO)O1,100,None
CHEMBL4860203,CC[C@]1(CO)NC[C@H](O)[C@@H](O)[C@@H]1O.Cl,100,None
CHEMBL3311516,COc1ccc(CCCC[C@@H]2N[C@@H](CO)[C@H](O)[C@H]2O)cc1,110,-7.494
CHEMBL476960,OCC(CO)N[C@H]1C[C@](O)(CO)[C@@H](O)[C@H](O)[C@H]1O,110,-4.712
CHEMBL5272219,CC(=O)c1cc2cc(-c3cccc(Cl)c3)oc2cc1O,110,-7.18
CHEMBL4873807,CCCCCCCC[C@]1(CO)NC[C@H](O)[C@@H](O)[C@@H]1O.Cl,120,None
CHEMBL3814838,CCO[C@@H](CO)[C@H](O)C[S+]1C[C@@H](O)[C@H](O)[C@H]1CO.[Cl-],120,None
CHEMBL3944972,O=C(Nn1c(-c2cc3ccccc3oc2=O)cs/c1=N\c1ccc(Cl)c(Cl)c1)c1ccccc1O,120,-7.703
CHEMBL1770626,CCO[C@@H](CO)[C@H](O)C[S@+]1C[C@@H](O)[C@H](O)[C@H]1CO.[Cl-],120,None
CHEMBL4858697,CCCCCC[C@]1(CO)NC[C@H](O)[C@@H](O)[C@@H]1O.Cl,140,None
CHEMBL4456568,Cc1cs/c(=N\C(=O)c2cccc3ccccc23)n1-c1cc(Cl)c(Cl)cc1Cl,150,-8.779
CHEMBL4440783,Cc1ccccc1C(=O)/N=c1\scc(C)n1-c1cc(Cl)c(Cl)cc1Cl,150,-7.14
CHEMBL3349439,OC[C@@]1(O)C[C@H](N[C@H]2CCCC[C@@H]2O)[C@H](O)[C@@H](O)[C@@H]1O,160,-5.748
CHEMBL4470451,CCn1c2ccccc2c2cc(NC(=O)CSc3nc4ccccc4[nH]3)ccc21,170,-8.682
CHEMBL3311517,OC[C@@H]1N[C@@H](CCCCc2ccc(O)cc2)[C@H](O)[C@H]1O,170,-7.389
CHEMBL5186198,OC[C@]1(c2ccc(O)cc2)NC[C@H](O)[C@H]1O,180,-5.357
CHEMBL3349436,OCC1=C[C@H](NC(CO)CO)[C@H](O)[C@@H](O)[C@@H]1O,180,-5.128
CHEMBL3349440,OCC(CO)N[C@H]1C[C@H](CO)[C@@H](O)[C@H](O)[C@H]1O,180,-5.356
CHEMBL3311518,OC[C@@H]1N[C@@H](CCCCc2ccc(F)cc2)[C@H](O)[C@H]1O,180,-7.38
CHEMBL460255,[O-][S+]1CC(O)C(O)C(O)CC(O)CC(O)C(O)C(O)C(O)C1,186,-5.789
CHEMBL4855744,O=C(Sc1nncs1)c1ccc(-c2ccc(Cl)cc2)o1,186,-7.725
CHEMBL5189075,OC[C@]1(c2ccccc2)NC[C@H](O)[C@H]1O,190,-5.294
CHEMBL2374255,OC[C@@]1(O)C[C@H](NC[C@@H](O)c2ccccc2)[C@H](O)[C@H](O)[C@H]1O,190,-5.85
CHEMBL2177691,CC(C)CCC[C@@H]1N[C@@H](CO)[C@H](O)[C@H]1O,190,-5.741
CHEMBL4868336,CCCCCCCCCCC[C@]1(CO)NC[C@H](O)[C@@H](O)[C@@H]1O.Cl,190,None
CHEMBL4856375,C[C@]1(CO)NC[C@H](O)[C@@H](O)[C@@H]1O.Cl,200,None
CHEMBL5191437,OC[C@@]1(c2ccc(F)cc2)NC[C@@H](O)[C@@H]1O,200,-5.427
CHEMBL3354062,OC[C@@H]1[C@@H](O)[C@H](O)[C@@H](O)CN1CCCCCOCc1ccccc1-c1ccccc1,200,-7.219
CHEMBL1641739,CCCC[C@@H]1N[C@@H](CO)[C@H](O)[C@H]1O,200,-5.652
CHEMBL3354063,OC[C@@H]1[C@@H](O)[C@H](O)[C@@H](O)CN1CCCCCOCc1cccc(-c2ccccc2)c1,200,-7.337
CHEMBL4857181,CCC[C@]1(CO)NC[C@H](O)[C@@H](O)[C@@H]1O.Cl,200,None
CHEMBL3763319,OC[C@@H]1[C@@H](O)[C@H](O)C[S+]1C[C@@H](O)[C@H](OCc1ccccc1C(F)(F)F)[C@H](O)[C@@H](O)CO.[Cl-],200,None
CHEMBL3764223,O=[N+]([O-])c1cccc(CO[C@H]([C@H](O)[C@@H](O)CO)[C@H](O)C[S+]2C[C@@H](O)[C@H](O)[C@H]2CO)c1.[Cl-],210,-6.813
CHEMBL2177690,OC[C@@H]1N[C@@H](CCCCc2ccccc2)[C@H](O)[C@H]1O,220,-7.471
CHEMBL5198563,CCCC[C@@]1(CO)NC[C@H](O)[C@H]1O,220,-5.903
CHEMBL5269400,OC[C@@H]1[C@@H](O)[C@H](O)C[S@@+]1C[C@@H](O)[C@H]1OC(c2ccccc2C(F)(F)F)OC[C@H]1O.[Cl-],220,None
CHEMBL3311519,OC[C@@H]1N[C@@H](CCCCc2cc(F)cc(F)c2)[C@H](O)[C@H]1O,220,-7.3
CHEMBL4874620,CCCCC[C@]1(CO)NC[C@H](O)[C@@H](O)[C@@H]1O.Cl,230,None
CHEMBL4855098,CCCCCCC[C@]1(CO)NC[C@H](O)[C@@H](O)[C@@H]1O.Cl,230,None
CHEMBL5287026,COc1cc2c(O)c(Oc3cc(O[C@@H]4O[C@H](CO)[C@@H](O)[C@H](O)[C@H]4O[C@@H]4O[C@H](CO)[C@@H](O)[C@H](O)[C@H]4O)c4ccc(=O)oc4c3)c(=O)oc2cc1O,231,-7.682
CHEMBL4462061,COc1cc2cc(Oc3cc(O[C@@H]4O[C@H](CO)[C@@H](O)[C@H](O)[C@H]4O[C@@H]4O[C@H](CO)[C@@H](O)[C@H](O)[C@H]4O)c4ccc(=O)oc4c3)c(=O)oc2cc1O,231,-7.977
CHEMBL5280680,Brc1ccc(-c2csc(-n3nc(-c4ccccc4)cc3-c3c[nH]c4ccccc34)n2)cc1,236.1,-8.997
CHEMBL3814911,CCCCCCCO[C@@H](CO)[C@H](O)C[S+]1C[C@@H](O)[C@H](O)[C@H]1CO.[Cl-],240,None
CHEMBL5082173,COc1ccc(-c2oc3cc(OC)cc(OC)c3c(=O)c2OCCCCCCCCCCCN2C[C@H](O)[C@@H](O)[C@H](O)[C@H]2CO)cc1,240,-7.176
CHEMBL4435163,Cc1cc2c(c(=O)[nH]1)C(=O)O/C2=C\c1cc(Br)cs1,240,-6.9
CHEMBL3354624,OC[C@@H]1[C@@H](O)[C@H](O)[C@@H](O)CN1CCCCCOCc1ccc(-c2ccccc2)cc1F,250,-7.701
CHEMBL3354622,C[C@H](OCCCCCN1C[C@H](O)[C@@H](O)[C@H](O)[C@H]1CO)c1ccc(-c2ccccc2)cc1,250,-7.517
CHEMBL2051760,CO[C@H]1O[C@H](C)[C@H](N[C@H]2C[C@](O)(CO)[C@@H](O)[C@H](O)[C@H]2O)[C@H](O)[C@H]1O,250,-5.586
CHEMBL5429566,O=C(O)C(F)(F)F.OC[C@H]1N[C@H](CCCCCCCCCc2ccc(O)cc2)[C@H](O)[C@@H](O)[C@@H]1O,250,None
CHEMBL3354025,OC[C@@H]1[C@@H](O)[C@H](O)[C@@H](O)CN1CCCCCOCc1ccc(-c2ccccc2)cc1,250,-7.247
CHEMBL110458,OC[C@H]1NC[C@H](O)[C@@H](O)[C@H]1O,260,-5.051
CHEMBL3763591,CCO[C@H]([C@H](O)[C@@H](O)CO)[C@H](O)C[S+]1C[C@@H](O)[C@H](O)[C@H]1CO.[Cl-],270,None
CHEMBL3311515,Cc1ccc(CCCC[C@@H]2N[C@@H](CO)[C@H](O)[C@H]2O)cc1,280,-7.431
CHEMBL1258528,O=S(=O)([O-])O[C@@H]([C@H](O)[C@@H](O)CO)[C@H](O)C[S@+]1C[C@@H](O)[C@H](O)[C@H]1CO,290,-5.74
CHEMBL3765363,OC[C@@H]1[C@@H](O)[C@H](O)C[S+]1C[C@@H](O)[C@H](O)[C@H](O)[C@@H](O)CO.[Cl-],300,None
CHEMBL1684166,OC[C@@H]1[C@@H](O)[C@H](O)C[S@@+]1C[C@@H](O)[C@H](O)[C@H](O)[C@@H](O)CO.[Cl-],300,None
CHEMBL5277322,OC[C@@H]1[C@@H](O)[C@H](O)C[S@@+]1C[C@@H](O)[C@H]1OC(c2cccc(C(F)(F)F)c2)OC[C@H]1O.[Cl-],300,None
CHEMBL4565442,Cc1ccc(C(c2c[nH]c3ccc(C(=O)NNS(=O)(=O)c4cc(Cl)c(Cl)cc4Cl)cc23)c2c[nH]c3ccc(C(=O)NNS(=O)(=O)c4cc(Cl)c(Cl)cc4Cl)cc23)cc1,300,-9.274
CHEMBL2374252,OC[C@@H](N[C@H]1C[C@](O)(CO)[C@@H](O)[C@H](O)[C@H]1O)c1ccccc1,300,-6.425
CHEMBL1770628,F[B-](F)(F)F.OC[C@H](OCc1ccccc1)[C@H](O)C[S@+]1C[C@@H](O)[C@H](O)[C@H]1CO,320,None
CHEMBL1641744,CCCCCCCC[C@@H]1N[C@@H](CO)[C@H](O)[C@H]1O,320,-6.451
CHEMBL3764559,O=[N+]([O-])c1ccccc1CO[C@H]([C@H](O)[C@@H](O)CO)[C@H](O)C[S+]1C[C@@H](O)[C@H](O)[C@H]1CO.[Cl-],320,None
CHEMBL2051763,CO[C@H]1O[C@H](CO)[C@@H](N[C@H]2C=C(CO)[C@@H](O)[C@H](O)[C@H]2O)[C@H](O)[C@H]1O,320,-5.29
CHEMBL1561,OCCN1C[C@H](O)[C@@H](O)[C@H](O)[C@H]1CO,350,-4.308
CHEMBL404271,C[C@H]1O[C@H](O[C@H]2[C@H](O)[C@@H](O)[C@@H](O[C@H]3[C@H](O)[C@@H](O)C(O)O[C@@H]3CO)O[C@@H]2CO)[C@H](O)[C@@H](O)[C@@H]1N[C@H]1C=C(CO)[C@@H](O)[C@H](O)[C@H]1O,350,-6.512
CHEMBL1641743,CCCCCCC[C@@H]1N[C@@H](CO)[C@H](O)[C@H]1O,380,-6.105
CHEMBL478209,OC[C@H]1N[C@H](CO[C@@H]2O[C@H](CO)[C@@H](O)[C@H](O)[C@H]2O)[C@H](O)[C@@H](O)[C@@H]1O,380,-6.292
CHEMBL5282029,OC[C@@H]1[C@@H](O)[C@H](O)C[S@@+]1C[C@@H](O)[C@H]1OC(c2ccccc2F)OC[C@H]1O.[Cl-],400,None
CHEMBL4543092,O=C(NNC(=S)Nc1ccccc1Br)c1ccc(-c2nnc(-c3ccccc3Cl)o2)cc1,400,-9.299
CHEMBL4554478,O=C(NNC(=S)Nc1cccc([N+](=O)[O-])c1)c1ccc(-c2nnc(-c3ccccc3Cl)o2)cc1,400,-8.945
CHEMBL3354625,OC[C@@H]1[C@@H](O)[C@H](O)[C@@H](O)CN1CCCCCOCc1ccc(-c2ccccc2)c(F)c1,400,-7.096
CHEMBL4526013,COc1ccc(NC(=S)NNC(=O)c2ccc(-c3nnc(-c4ccccc4Cl)o3)cc2)cc1,400,-8.901
CHEMBL4464685,O=C(NNC(=S)Nc1ccc([N+](=O)[O-])cc1)c1ccc(-c2nnc(-c3ccccc3Cl)o2)cc1,400,-8.886
CHEMBL4550413,O=C(NNC(=S)Nc1ccc(Cl)cc1)c1ccc(-c2nnc(-c3ccccc3Cl)o2)cc1,400,-9.31
CHEMBL408500,CCCCCCCCCN1C[C@H](O)[C@@H](O)[C@H](O)[C@H]1CO,400,-5.718
CHEMBL4466929,COc1cccc(NC(=S)NNC(=O)c2ccc(-c3nnc(-c4ccccc4Cl)o3)cc2)c1,400,-8.745
CHEMBL4547036,O=C(NNC(=S)Nc1ccc(Cl)c(Cl)c1)c1ccc(-c2nnc(-c3ccccc3Cl)o2)cc1,400,-9.352
CHEMBL3354621,OC[C@@H]1[C@@H](O)[C@H](O)[C@@H](O)CN1CCCC(F)(F)COCc1ccc(-c2ccccc2)cc1,400,-7.35
CHEMBL4555448,O=C(NNC(=S)Nc1ccc(Br)cc1)c1ccc(-c2nnc(-c3ccccc3Cl)o2)cc1,400,-8.954
CHEMBL4446128,COc1ccccc1NC(=S)NNC(=O)c1ccc(-c2nnc(-c3ccccc3Cl)o2)cc1,400,-8.747
CHEMBL4553428,O=C(NNC(=S)Nc1cccc(F)c1)c1ccc(-c2nnc(-c3ccccc3Cl)o2)cc1,400,-8.79
CHEMBL4586665,O=C(NNC(=S)Nc1ccccc1F)c1ccc(-c2nnc(-c3ccccc3Cl)o2)cc1,400,-9.668
CHEMBL574645,OC[C@@H]1[C@@H](O)[C@H](O)[C@@H](O)CN1CCCCCOCC12CC3CC(CC(C3)C1)C2,400,-6.236
CHEMBL4582866,O=C(NNC(=S)Nc1ccc(F)cc1)c1ccc(-c2nnc(-c3ccccc3Cl)o2)cc1,400,-9.233
CHEMBL4443246,Cc1ccc(NC(=S)NNC(=O)c2ccc(-c3nnc(-c4ccccc4Cl)o3)cc2)cc1,400,-9.02
CHEMBL4462975,Cc1cccc(NC(=S)NNC(=O)c2ccc(-c3nnc(-c4ccccc4Cl)o3)cc2)c1,400,-8.956
CHEMBL5268739,OC[C@@H]1[C@@H](O)[C@H](O)C[S@@+]1C[C@@H](O)[C@H]1OC(c2ccccc2Cl)OC[C@H]1O.[Cl-],410,-6.151
CHEMBL5283777,OC[C@@H]1[C@@H](O)[C@H](O)C[S@@+]1C[C@@H](O)[C@H]1OC(c2ccccc2)OC[C@H]1O.[Cl-],420,None
CHEMBL3764745,OC[C@@H]1[C@@H](O)[C@H](O)C[S+]1C[C@@H](O)[C@H](OCc1cccc(C(F)(F)F)c1)[C@H](O)[C@@H](O)CO.[Cl-],450,None
CHEMBL4863963,CCCCCCCCC[C@]1(CO)NC[C@H](O)[C@@H](O)[C@@H]1O.Cl,450,None
CHEMBL1770625,CO[C@@H](CO)[C@H](O)C[S@+]1C[C@@H](O)[C@H](O)[C@H]1CO.[Cl-],460,None
CHEMBL1086997,CCCCN1C[C@H](O)[C@@H](O)[C@@H](O)[C@H]1CO,460,-4.338
CHEMBL3814747,CO[C@@H](CO)[C@H](O)C[S+]1C[C@@H](O)[C@H](O)[C@H]1CO.[Cl-],460,None
CHEMBL3751947,OC[C@@H]1NC[C@@H](O)[C@@H]1O,490,-4.727
CHEMBL1088158,OC[C@@H]1[C@H](O)[C@H](O)[C@@H](O)CN1CCCCCOCC12CC3CC(CC(C3)C1)C2,500,-6.329
CHEMBL3354623,C[C@@H](OCCCCCN1C[C@H](O)[C@@H](O)[C@H](O)[C@H]1CO)c1ccc(-c2ccccc2)cc1,500,-7.287
CHEMBL1651551,CCCCCCCN1C[C@H](O)[C@@H](O)[C@H](O)[C@H]1CO,500,-5.852
CHEMBL4519690,Cc1ccc(C(c2c[nH]c3ccc(C(=O)NNS(=O)(=O)c4ccc([N+](=O)[O-])cc4[N+](=O)[O-])cc23)c2c[nH]c3ccc(C(=O)NNS(=O)(=O)c4ccc([N+](=O)[O-])cc4[N+](=O)[O-])cc23)cc1,500,-8.05
CHEMBL3814555,CCCCCO[C@@H](CO)[C@H](O)C[S+]1C[C@@H](O)[C@H](O)[C@H]1CO.[Cl-],500,None
CHEMBL1641742,CCCCCC[C@@H]1N[C@@H](CO)[C@H](O)[C@H]1O,510,-6.008
CHEMBL3763423,OC[C@@H]1[C@@H](O)[C@H](O)C[S+]1C[C@@H](O)[C@H](OCc1cccc(Cl)c1)[C@H](O)[C@@H](O)CO.[Cl-],510,None
CHEMBL4593597,O=C1NC(=O)/C(=C/c2ccc(-c3nc4ccccc4n3Cc3ccc(Cl)cc3)cc2)S1,540,-8.628
CHEMBL85398,O=C1CSC(=O)N1,540,-3.885
CHEMBL4549286,O=C1NC(=O)/C(=C\c2ccc(-n3ccc4c(Nc5ccc(F)cc5)ccnc43)cc2)S1,550,-8.363
CHEMBL4465310,Cc1nccn1-c1ccc(/C=C2/SC(=O)NC2=O)cc1,550,-6.554
CHEMBL4472969,O=C1NC(=O)/C(=C\c2ccc(-n3cnc4ccccc43)cc2)S1,550,-7.221
CHEMBL4521001,O=C(O)CN1C(=O)S/C(=C/c2ccc(-n3ccc4c(Br)ccnc43)cc2)C1=O,550,-7.192
CHEMBL4541639,O=C1NC(=O)/C(=C\c2ccc(-n3ccc4c(Nc5ccccc5OC(F)(F)F)ccnc43)cc2)S1,550,-8.062
CHEMBL4449655,CCOC(=O)CN1C(=O)S/C(=C/c2ccc(-n3ccc4c(Br)ccnc43)cc2)C1=O,550,-6.95
CHEMBL4544064,O=C1NC(=O)/C(=C\c2ccc(-n3ncc4ccccc43)cc2)S1,550,-7.547
CHEMBL4590014,O=C1NC(=O)/C(=C\c2ccc(-n3ccc4c(Br)ccnc43)cc2)S1,550,-7.545
CHEMBL4456879,O=C1NC(=O)/C(=C\c2ccc(-n3cc([N+](=O)[O-])cn3)cc2)S1,550,-7.155
CHEMBL4854197,CCCC[C@]1(CO)NC[C@H](O)[C@@H](O)[C@@H]1O.Cl,560,None
CHEMBL186291,CCCCCCCCC1NC(CO)C(O)C(O)C1O,590,-5.906
CHEMBL2177695,CCCCCCCC[C@H]1N[C@H](CO)[C@@H](O)[C@H](O)[C@H]1O,600,-6.34
CHEMBL4582990,O=C(NNC(=S)Nc1ccc(C(F)(F)F)cc1)c1ccc(-c2nnc(-c3ccccc3Cl)o2)cc1,600,-9.547
CHEMBL5290630,O=C(Sc1nccs1)c1ccc(-c2ccccc2[N+](=O)[O-])o1,645,-6.891
CHEMBL2177689,C[C@@]1(CO)NC[C@H](O)[C@H]1O,660,-4.882
CHEMBL2177692,CCC[C@H](O)[C@@H]1N[C@@H](CO)[C@H](O)[C@H]1O,680,-5.549
CHEMBL186150,CCCCCCN1CC(O)C(O)C(O)C1CO,700,-5.185
CHEMBL5271502,O=c1ccc2c(Oc3cc4oc(=O)ccc4c(-c4c(O)c(O)c(-c5c(O)c(O)c(-c6c(O)c(O)cc7oc(=O)ccc67)c6ccc(=O)oc56)c5ccc(=O)oc45)c3O)c(O)c(O)cc2o1,700,-7.888
CHEMBL5276620,OC[C@@H]1[C@@H](O)[C@H](O)C[S@@+]1C[C@@H](O)[C@H]1OC(c2cccc(F)c2)OC[C@H]1O.[Cl-],700,None
CHEMBL3763300,OC[C@@H]1[C@@H](O)[C@H](O)C[S+]1C[C@@H](O)[C@H](OCc1ccccc1Cl)[C@H](O)[C@@H](O)CO.[Cl-],700,None
CHEMBL87169,OCC1NC(CO)[C@@H](O)C(O)C1O,700,-5.545
CHEMBL4554853,O=C(NNC(=S)Nc1ccccc1Cl)c1ccc(-c2nnc(-c3ccccc3Cl)o2)cc1,700,-9.309
CHEMBL1641741,CCCCC[C@@H]1N[C@@H](CO)[C@H](O)[C@H]1O,710,-5.598
CHEMBL5203897,OC[C@@]1(c2ccc(O)cc2)NC[C@@H](O)[C@@H]1O,740,-5.375
CHEMBL1651552,CCCCCCCCN1C[C@H](O)[C@@H](O)[C@H](O)[C@H]1CO,750,-5.671
CHEMBL4555601,O=c1ccc2ccc(O)c(-c3c(OC4O[C@H](CO)[C@@H](O)[C@H](O)[C@H]4O)ccc4ccc(=O)oc34)c2o1,760,-7.951
CHEMBL5266421,O=c1ccc2ccc(O)c(-c3c(O[C@@H]4OC(CO)[C@@H](O)C(O)C4O)ccc4ccc(=O)oc34)c2o1,760,-7.753
CHEMBL4543696,O=c1ccc2ccc(Oc3cc4ccc(O)c(-c5c(OC6O[C@H](CO)[C@@H](O)[C@H](O)[C@H]6O)ccc6ccc(=O)oc56)c4oc3=O)cc2o1,780,-8.119
CHEMBL364554,CCCCCCC1NC(CO)C(O)C(O)C1O,800,-5.874
CHEMBL1651630,CCCCCCOCCCCCN1C[C@H](O)[C@@H](O)[C@H](O)[C@H]1CO,800,-5.782
CHEMBL5396471,Oc1cc(-c2cc3cccc(Cl)c3o2)cc(O)c1O,830,-6.954
CHEMBL5090583,C[C@]1(CO)NC[C@@H](O)[C@@H]1O,830,-5.169
CHEMBL80254,OC[C@H]1NC[C@@H](O)[C@@H]1O,840,-4.537
CHEMBL1641746,CCCCCCCCC[C@@H]1N[C@@H](CO)[C@H](O)[C@H]1O,840,-6.532
CHEMBL5175772,Cc1cc(O)c2c(c1)-c1c(-c3ccc(O)cc3)c(=O)oc3c1c-2c(O)c1cccc(O)c13,890,-7.89
CHEMBL406973,OC[C@@H]1NC[C@H](O)[C@H]1O,930,-5.022
CHEMBL1603014,CC(=O)c1ccc(N2CCN(S(=O)(=O)c3ccc4c(c3)CC(=O)N4)CC2)cc1,940,-8.025
CHEMBL5183794,OC[C@]1(c2cccc(F)c2)NC[C@H](O)[C@H]1O,950,-6.181
CHEMBL5422054,N#Cc1ccc2[nH]c(-c3nnc(Nc4ccc(Cl)c(Cl)c4)s3)cc2c1,950,-7.479
CHEMBL5192700,CCCCCCCCC[C@@]1(CO)NC[C@H](O)[C@H]1O,960,-6.148
CHEMBL1651632,CCCCCCCCOCCCCCN1C[C@H](O)[C@@H](O)[C@H](O)[C@H]1CO,1000,-5.925
CHEMBL5193222,Cc1ccc([C@@]2(CO)NC[C@H](O)[C@H]2O)cc1,1000,-6.103
CHEMBL1258529,OC[C@@H]1[C@@H](O)[C@H](O)C[S@@+]1C[C@@H](O)[C@@H](O)[C@H](O)[C@@H](O)CO.[Cl-],1000,None
CHEMBL1651550,CCCCCCN1C[C@H](O)[C@@H](O)[C@H](O)[C@H]1CO,1000,-4.923
CHEMBL1651631,CCCCCCCOCCCCCN1C[C@H](O)[C@@H](O)[C@H](O)[C@H]1CO,1000,-6.047
CHEMBL1770627,CCCCCCCCCCCCCO[C@@H](CO)[C@H](O)C[S@+]1C[C@@H](O)[C@H](O)[C@H]1CO.[Cl-],1000,None
CHEMBL5394863,CCCSc1nnc(C(C)c2ccc3cc(OC)ccc3c2)n1-c1ccc(F)cc1,1000,-8.959
CHEMBL4544953,O=C(Cn1cc(Cn2c3ccccc3c3ccccc32)nn1)c1ccc(O)c(Br)c1,1000,-8.61
CHEMBL5290356,CC(=O)Oc1cc2oc(-c3cccc(Cl)c3)cc2cc1-c1c[se]nn1,1030,-7.534
CHEMBL5281215,COc1ccc(-c2cc3cc(-c4c[se]nn4)c(OC(C)=O)cc3o2)cc1,1030,-6.827
CHEMBL5279361,CC(=O)Oc1cc2oc(-c3ccc(C)cc3)cc2cc1-c1c[se]nn1,1030,-7.281
CHEMBL5284867,CC(=O)Oc1cc2oc(-c3ccc(F)cc3)cc2cc1-c1c[se]nn1,1030,-7.387
CHEMBL5278906,CC(=O)Oc1cc2oc(-c3cccc(F)c3)cc2cc1-c1c[se]nn1,1030,-7.413
CHEMBL5284988,CC(=O)Oc1cc2oc(-c3ccccc3)cc2cc1-c1c[se]nn1,1030,-7.286
CHEMBL480722,CC(C)=CCC/C(C)=C/Cc1c(O)cc(O)c(C(=O)/C=C/c2ccc(O)cc2)c1O,1080,-8.563
CHEMBL4456026,O=C(N/N=C/c1ccccc1)c1cc2ccccc2oc1=O,1100,-6.993
CHEMBL4165370,COc1ccc(/C=N/NC(=O)c2cc3ccccc3oc2=O)cc1,1100,-8.096
CHEMBL5420079,CCCSc1nnc(C(C)c2ccc3cc(OC)ccc3c2)n1-c1ccc(Cl)c(Cl)c1,1100,-7.377
CHEMBL3814264,CCCCCCCCCCCCCO[C@@H](CO)[C@H](O)C[S+]1C[C@@H](O)[C@H](O)[C@H]1CO.[Cl-],1100,None
CHEMBL4447231,O=C(N/N=C/c1ccccn1)c1cc2ccccc2oc1=O,1100,-7.264
CHEMBL4450733,O=C(N/N=C/c1cccc(F)c1)c1cc2ccccc2oc1=O,1100,-7.956
CHEMBL4461307,O=C(N/N=C/c1ccccc1F)c1cc2ccccc2oc1=O,1100,-7.374
CHEMBL4549420,O=C(N/N=C/c1ccccc1[N+](=O)[O-])c1cc2ccccc2oc1=O,1100,-7.349
CHEMBL5427700,O=C(N/N=C/c1ccc(O)c(O)c1)c1cc2ccccc2oc1=O,1100,-7.768
CHEMBL4532196,O=C(N/N=C/c1cccc(O)c1O)c1cc2ccccc2oc1=O,1100,-7.445
CHEMBL3590410,O=C(N/N=C/c1ccc([N+](=O)[O-])cc1)c1cc2ccccc2oc1=O,1100,-7.072
CHEMBL4545537,O=C(N/N=C/c1ccc(F)cc1)c1cc2ccccc2oc1=O,1100,-8.073
CHEMBL4473968,Cc1ccccc1/C=N/NC(=O)c1cc2ccccc2oc1=O,1100,-8.533
CHEMBL4474453,COc1ccc(O)c(/C=N/NC(=O)c2cc3ccccc3oc2=O)c1,1100,-7.591
CHEMBL4590536,Cc1cccc(/C=N/NC(=O)c2cc3ccccc3oc2=O)c1,1100,-8.744
CHEMBL4566850,Cc1ccc(/C=N/NC(=O)c2cc3ccccc3oc2=O)cc1,1100,-7.748
CHEMBL4475749,COc1ccc(/C=N/NC(=O)c2cc3ccccc3oc2=O)c(O)c1,1100,-7.881
CHEMBL4558252,O=C(N/N=C/c1ccccc1O)c1cc2ccccc2oc1=O,1100,-7.395
CHEMBL4161936,O=C(N/N=C/c1ccc(O)cc1O)c1cc2ccccc2oc1=O,1100,-7.619
CHEMBL4176304,O=C(N/N=C/c1ccncc1)c1cc2ccccc2oc1=O,1100,-7.193
CHEMBL254339,OC[C@@H]1[C@@H](O)[C@H](O)[C@@H](O)CN1CCCCCCCCOc1cccc(-c2cnn[nH]2)c1,1150,-7.543
CHEMBL138007,COc1ccc(C2NC(=O)c3ccccc3N2)cc1,1150,-7.744
CHEMBL1651629,CCCCCOCCCCCN1C[C@H](O)[C@@H](O)[C@H](O)[C@H]1CO,1200,-5.274
CHEMBL405957,OC[C@@H]1N[C@@H](CO)[C@H](O)[C@H]1O,1200,-4.691
CHEMBL4435180,O=C1Nc2cc(Cl)ccc2/C1=C/c1ccc(-c2nnc(-c3cc(O)cc(O)c3)o2)cc1,1200,-8.544
CHEMBL5273406,N#C/N=c1\sccn1C(=O)c1ccc(-c2cccc(Cl)c2)o1,1200,-8.36
CHEMBL1641747,CCCCCCCCCC[C@@H]1N[C@@H](CO)[C@H](O)[C@H]1O,1200,-6.413
CHEMBL4786471,CCCCCCCC[C@@H](O)[C@H](OS(=O)(=O)[O-])[C@H](O)C[S@+]1C[C@@H](O)[C@H](O)[C@H]1CO,1200,-6.596
CHEMBL4873613,CCCCCCCCCCCC[C@]1(CO)NC[C@H](O)[C@@H](O)[C@@H]1O.Cl,1200,None
CHEMBL3354627,OC[C@@H]1[C@@H](O)[C@H](O)[C@@H](O)CN1CCCCCOCc1ccc(-c2ccccc2)c(C(F)(F)F)c1,1250,-7.965
CHEMBL4476267,O=c1cc(-c2cccc(OCc3cc(C(F)(F)F)ccc3C(F)(F)F)c2)oc2ccccc12,1260,-9.766
CHEMBL1182462,OC[C@@H]1[C@@H](O)[C@H](O)C[S+]1C[C@@H](O)[C@@H](O)CO,1300,-4.789
CHEMBL1684162,[O-][C@@H](CO)[C@H](O)C[S@+]1C[C@@H](O)[C@H](O)[C@H]1CO,1300,-5.06
CHEMBL1467423,O=C1NC(c2ccc(O)cc2)Nc2ccccc21,1350,-6.966
CHEMBL1093264,O=S(=O)([O-])O[C@@H]([C@H](O)[C@H](O)[C@@H](O)CO)[C@H](O)C[S+]1C[C@@H](O)[C@H](O)[C@H]1CO,1370,-5.594
CHEMBL3972306,Cc1cc(=O)oc2cc(OCCCCn3cc(CCCCN4C[C@H](O)[C@@H](O)[C@H](O)[C@H]4CO)nn3)ccc12,1400,-7.927
CHEMBL2181097,O=C1Cc2cc(S(=O)(=O)N3CCN(c4ccc(C(=O)O)cc4)CC3)ccc2N1,1460,-7.549
CHEMBL184028,CCCCCCCCCC1NC(CO)C(O)C(O)C1O,1500,-5.713
CHEMBL4779172,CCCCCCCCCC[C@@H](O)[C@H](OS(=O)(=O)[O-])[C@H](O)C[S@+]1C[C@@H](O)[C@H](O)[C@H]1CO,1500,-6.805
CHEMBL2051978,C[C@H]1C[C@H](N)[C@H](O)[C@@H](O)[C@H]1N[C@H]1C[C@](O)(CO)[C@@H](O)[C@H](O)[C@H]1O,1500,-5.388
CHEMBL3354626,OC[C@@H]1[C@@H](O)[C@H](O)[C@@H](O)CN1CCCCCOCc1ccc(-c2ccccc2)cc1C(F)(F)F,1500,-7.591
CHEMBL5274020,C=C(C)/C=C/c1c(O)cc2oc3cc(O)c(O)c(/C=C/C(=C)C)c3c(=O)c2c1O,1500,-7.586
CHEMBL5194087,Cc1cc(O)c2c(c1)-c1c(-c3c[nH]c4ccccc34)c(=O)oc3c1c-2c(O)c1cccc(O)c13,1580,-8.673
CHEMBL239249,O=S(=O)([O-])O[C@@H](CO)[C@H](O)C[S+]1C[C@@H](O)[C@H](O)[C@H]1CO,1600,-5.782
CHEMBL2159763,O=S(=O)([O-])O[C@@H]([C@@H](O)[C@@H](O)[C@H](O)CO)[C@H](O)C[S@+]1C[C@@H](O)[C@H](O)[C@H]1CO,1600,-5.845
CHEMBL2181103,CC(=O)c1ccc(N2CCN(S(=O)(=O)c3cc4c(cc3Cl)NC(=O)C4)CC2)cc1,1630,-7.736
CHEMBL5283240,C=C(C)/C=C/c1c(O)cc2oc3cc(O)c(O)c(C/C=C(\C)CC=C(C)C)c3c(=O)c2c1O,1700,-9.726
CHEMBL260553,CC(C)=CCc1c(O)cc2oc3cc(O)c(O)c(CC=C(C)C)c3c(=O)c2c1O,1700,-7.716
CHEMBL5195202,COc1cccc([C@]2(CO)NC[C@@H](O)[C@@H]2O)c1,1700,-5.746
CHEMBL4744484,CCCCCC[C@@H](O)[C@H](OS(=O)(=O)[O-])[C@H](O)C[S@+]1C[C@@H](O)[C@H](O)[C@H]1CO,1700,-7.095
CHEMBL4864234,CCCCCCCCCC[C@]1(CO)NC[C@H](O)[C@@H](O)[C@@H]1O.Cl,1700,None
CHEMBL1645621,CCC[C@@H]1N[C@@H](CO)[C@H](O)[C@H]1O,1700,-5.546
CHEMBL5076041,COc1ccc(-c2oc3cc(OC)cc(OC)c3c(=O)c2OCCCCCCCCN2C[C@H](O)[C@@H](O)[C@H](O)[C@H]2CO)cc1,1780,-6.992
CHEMBL1082047,O[C@H]1[C@H]2[C@H](O)[C@H](O)CN2[C@H](O)C[C@H]1O,1800,-4.601
CHEMBL450152,C=C(C)[C@@H]1CC[C@]2(C(=O)NCC(=O)O)CC[C@]3(C)[C@H](CC[C@@H]4[C@@]5(C)Cc6c([nH]c7ccccc67)C(C)(C)[C@@H]5CC[C@]43C)[C@@H]12,1800,-3.821
CHEMBL3765431,OC[C@@H]1[C@@H](O)[C@H](O)C[S+]1C[C@@H](O)[C@H](OCc1ccccc1)[C@H](O)[C@@H](O)CO.[Cl-],1900,None
CHEMBL5282251,OC[C@@H]1[C@@H](O)[C@H](O)C[S@@+]1C[C@@H](O)[C@H]1OC(c2cccc(Cl)c2)OC[C@H]1O.[Cl-],1900,None
CHEMBL5274943,OC[C@@H]1[C@@H](O)[C@H](O)C[S@@+]1C[C@@H](O)[C@@H](O)[C@@H](O)[C@@H](O)CO,1900,-4.988
CHEMBL5269485,O=C(Sc1nccs1)c1ccc(-c2ccccc2Cl)o1,1935,-6.622
CHEMBL1651628,CCCCOCCCCCN1C[C@H](O)[C@@H](O)[C@H](O)[C@H]1CO,2000,-5.696
CHEMBL4757822,CCCCCCCC[C@@H](O)[C@H](O)[C@H](O)C[S@+]1C[C@@H](O)[C@H](O)[C@H]1CO.CS(=O)(=O)[O-],2000,None
CHEMBL4473640,Cn1cc(-c2nnc(-c3ccc(C(c4c[nH]c5ccccc45)c4c[nH]c5ccc(Cl)cc45)cc3)o2)c2ccccc21,2000,-9.907
CHEMBL5412678,Cn1cc(-c2nnc(-c3ccc(C(c4cn(Cl)c5ccccc45)c4cn(Cl)c5ccccc45)cc3)o2)c2ccccc21,2000,-9.597
CHEMBL1651549,CCCCCN1C[C@H](O)[C@@H](O)[C@H](O)[C@H]1CO,2000,-4.933
CHEMBL362754,CCCN1CC(O)C(O)C(O)C1CO,2000,-4.358
CHEMBL312653,OC[C@H]1N[C@H](CO)[C@@H](O)[C@@H]1O,2000,-4.82
CHEMBL4472850,Cc1cc2nnn(CC(=O)c3ccc(Cl)c(Cl)c3)c2cc1C,2040,-7.93
CHEMBL4529174,COc1ccc(NC(=O)Cn2cc(COc3cc(O)c4c(=O)c5ccc(OC)cc5oc4c3)nn2)c(OC)c1,2060,-8.983
CHEMBL4437002,Cc1ccc(C(c2c[nH]c3ccc(C(=O)NNS(=O)(=O)c4ccccc4[N+](=O)[O-])cc23)c2c[nH]c3ccc(C(=O)NNS(=O)(=O)c4ccccc4[N+](=O)[O-])cc23)cc1,2100,-6.069
CHEMBL5202712,COc1ccc([C@@]2(CO)NC[C@H](O)[C@H]2O)cc1,2100,-5.737
CHEMBL4460255,Cc1ccc(C(c2c[nH]c3ccc(C(=O)NNS(=O)(=O)c4cccc([N+](=O)[O-])c4)cc23)c2c[nH]c3ccc(C(=O)NNS(=O)(=O)c4cccc([N+](=O)[O-])c4)cc23)cc1,2100,-9.819
CHEMBL4439937,Cc1ccc(C(c2c[nH]c3ccc(C(=O)NNS(=O)(=O)c4ccc([N+](=O)[O-])cc4)cc23)c2c[nH]c3ccc(C(=O)NNS(=O)(=O)c4ccc([N+](=O)[O-])cc4)cc23)cc1,2100,-10.822
CHEMBL4513811,CC1=NN(c2ccc([N+](=O)[O-])cc2)C(=O)/C1=C/c1cn(-c2ccccc2)nc1-c1cc2cc(Br)ccc2oc1=O,2100,-8.041
CHEMBL5199880,COc1cccc([C@@]2(CO)NC[C@H](O)[C@H]2O)c1,2200,-5.969
CHEMBL3593568,Cc1cc(O)c(O)cc1-c1cc(O)cc(O)c1,2200,-6.112
CHEMBL4465201,CCCCCCCCCCCC(=O)N/N=C1\C(=O)Nc2ccccc21,2200,-7.126
CHEMBL4451791,Cc1ccc(C(=O)N/N=C2\C(=O)Nc3ccc(Cl)cc32)cc1,2200,-7.567
CHEMBL4445451,CCCN1C(=O)/C(=N\NC(=O)Cc2ccc(Cl)cc2Cl)c2ccccc21,2200,-7.206
CHEMBL4455386,O=C1Nc2cc(Br)ccc2/C1=N/NC(=O)c1ccccc1O,2200,-7.819
CHEMBL4540336,O=C(Cc1ccc(Cl)c(Cl)c1)N/N=C1\C(=O)Nc2cc(Br)ccc21,2200,-8.221
CHEMBL4458470,O=C(Cc1ccc(Cl)cc1Cl)N/N=C1\C(=O)Nc2cc(Br)ccc21,2200,-7.932
CHEMBL5199880,COc1cccc([C@@]2(CO)NC[C@H](O)[C@H]2O)c1,2200,-5.651
CHEMBL3593568,Cc1cc(O)c(O)cc1-c1cc(O)cc(O)c1,2200,-6.492
CHEMBL4465201,CCCCCCCCCCCC(=O)N/N=C1\C(=O)Nc2ccccc21,2200,-7.276
CHEMBL4451791,Cc1ccc(C(=O)N/N=C2\C(=O)Nc3ccc(Cl)cc32)cc1,2200,-7.585
CHEMBL4445451,CCCN1C(=O)/C(=N\NC(=O)Cc2ccc(Cl)cc2Cl)c2ccccc21,2200,-7.707
CHEMBL4455386,O=C1Nc2cc(Br)ccc2/C1=N/NC(=O)c1ccccc1O,2200,-7.161
CHEMBL4540336,O=C(Cc1ccc(Cl)c(Cl)c1)N/N=C1\C(=O)Nc2cc(Br)ccc21,2200,-8.145
CHEMBL4458470,O=C(Cc1ccc(Cl)cc1Cl)N/N=C1\C(=O)Nc2cc(Br)ccc21,2200,-7.73
CHEMBL4449615,Cc1cc2nnn(CC(=O)c3ccc(Cl)cc3)c2cc1C,2210,-7.599
CHEMBL5275756,O=C(Sc1nccs1)c1ccc(-c2ccccc2)o1,2223,-7.193
CHEMBL184925,CN1CCN(c2ccc3[nH]c(-c4ccc(O)cc4)nc3c2)CC1,2250,-6.646
CHEMBL4533183,COc1ccc(/C=N/NC(=O)c2cc3ccccc3[nH]2)cc1O,2300,-8.722
CHEMBL4466754,Nc1nnc(-c2ccccc2[N+](=O)[O-])s1,2300,-5.192
CHEMBL4554612,O=[N+]([O-])c1cccc(-c2nnc(/N=C/c3ccc(Cl)cc3Cl)s2)c1,2300,-7.385
CHEMBL4461186,Clc1ccc(-c2nnc(/N=C/c3ccc(OCc4ccccc4)cc3)s2)cc1,2300,-8.01
CHEMBL5207259,CCCC[C@]1(CO)NC[C@@H](O)[C@@H]1O,2300,-5.781
CHEMBL1534367,Nc1nnc(-c2ccc(Cl)cc2Cl)s1,2300,-5.991
CHEMBL4532290,CN(C)c1ccc(-c2nnc(N)s2)cc1,2300,-6.131
CHEMBL4444070,COc1ccc(Br)cc1-c1nnc(N)s1,2300,-5.74
CHEMBL4469380,COc1cccc(-c2nnc(N)s2)c1OC,2300,-5.363
CHEMBL4466501,Nc1nnc(-c2c3ccccc3cc3ccccc23)s1,2300,-7.739
CHEMBL4471582,Nc1nnc(-c2cc3ccccc3cc2O)s1,2300,-6.952
CHEMBL4471826,Nc1nnc(-c2ccc(O)cc2)s1,2300,-5.642
CHEMBL4442881,Nc1nnc(-c2ccc(Cl)c(OCc3ccccc3)c2)s1,2300,-7.268
CHEMBL1383520,Nc1nnc(-c2ccc(Cl)cc2)s1,2300,-5.862
CHEMBL4550622,Nc1nnc(-c2ccc([N+](=O)[O-])cc2)s1,2300,-6.126
CHEMBL4471072,O=C(N/N=C/c1cc(O)ccc1O)c1cc2ccccc2[nH]1,2300,-7.893
CHEMBL4217244,O=C(N/N=C/c1ccc(O)cc1)c1cc2ccccc2[nH]1,2300,-8.463
CHEMBL3186069,COc1cc(/C=N/NC(=O)c2cc3ccccc3[nH]2)ccc1O,2300,-8.913
CHEMBL4593066,O=C(N/N=C/c1cccc(O)c1O)c1cc2ccccc2[nH]1,2300,-8.033
CHEMBL1299882,Nc1nnc(-c2cccc([N+](=O)[O-])c2)s1,2300,-6.389
CHEMBL4435535,O=[N+]([O-])c1ccc(/C=N/c2nnc(-c3ccc(Cl)cc3)s2)cc1,2300,-7.977
CHEMBL4559817,O=C(N/N=C/c1c(O)cc(O)cc1O)c1cc2ccccc2[nH]1,2300,-7.164
CHEMBL4525854,O=C(N/N=C/c1ccc(O)c(O)c1)c1cc2ccccc2[nH]1,2300,-8.088
CHEMBL2414818,O=C(/C=C/c1ccccc1)NC[C@@H]1O[C@H](CO)[C@@H](O)[C@H](O)[C@H]1O,2300,-7.239
CHEMBL5284194,OC[C@@H]1[C@@H](O)[C@H](O)C[S@@+]1C[C@@H](O)[C@H]1OC(c2ccc(Cl)cc2)OC[C@H]1O.[Cl-],2300,None
CHEMBL4532383,CCOC(=O)C1=C(Nc2cccc(Cl)c2)C[C@@H](c2ccc(Cl)cc2)N(c2cccc(Cl)c2)[C@@H]1c1ccc(Cl)cc1,2300,-7.269
CHEMBL4469544,COc1ccc(Br)cc1/C=N/c1nnc(-c2ccc(Cl)cc2)s1,2300,-7.729
CHEMBL4471901,O=[N+]([O-])c1ccccc1/C=N/c1nnc(-c2ccc(Cl)cc2)s1,2300,-6.729
CHEMBL4442533,O=C(N/N=C/c1cc(O)cc(O)c1)c1cc2ccccc2[nH]1,2300,-7.945
CHEMBL5270662,OC[C@@H]1[C@@H](O)[C@H](O)C[S@@+]1C[C@@H](O)[C@H]1OC(c2ccc(C(F)(F)F)cc2)OC[C@H]1O.[Cl-],2300,None
CHEMBL5279269,O=c1ccc2c(-c3c(O)c(O)c(-c4c(O)c(O)c(-c5c(O)c(O)cc6oc(=O)ccc56)c5oc(=O)ccc45)c4oc(=O)ccc34)c(O)c(O)cc2o1,2300,-11.208
CHEMBL4468056,Nc1nnc(-c2ccc(OCc3ccccc3)cc2)s1,2300,-7.81
CHEMBL4593969,COc1cc(-c2nnc(/N=C/c3ccc(O)cc3)s2)ccc1OCc1ccccc1,2300,-8.036
CHEMBL4442388,COc1ccc(Br)cc1/C=N/c1nnc(-c2cccc([N+](=O)[O-])c2)s1,2300,-7.302
CHEMBL4516653,CCOC(=O)C1=C(Nc2cccc(F)c2)C[C@@H](c2ccc(Cl)cc2)N(c2cccc(F)c2)[C@@H]1c1ccc(Cl)cc1,2300,-8.451
CHEMBL4461594,CCOC(=O)C1=C(Nc2cccc([N+](=O)[O-])c2)C[C@@H](c2ccc(C)cc2)N(c2cccc([N+](=O)[O-])c2)[C@@H]1c1ccc(C)cc1,2300,-7.433
CHEMBL4476702,Clc1ccc(-c2nnc(/N=C/c3ccc(Cl)cc3Cl)s2)cc1,2300,-7.558
CHEMBL4564900,Oc1ccc(/C=N/c2nnc(-c3ccc(Cl)cc3)s2)cc1,2300,-7.372
CHEMBL4438611,COc1ccc(O)c(/C=N/NC(=O)c2cc3ccccc3[nH]2)c1,2300,-8.318
CHEMBL4533603,COc1ccc(/C=N/NC(=O)c2cc3ccccc3[nH]2)c(I)c1O,2300,-7.712
CHEMBL4568178,CCOC(=O)C1=C(Nc2cccc(Br)c2)C[C@@H](c2ccc(Cl)cc2)N(c2cccc(Br)c2)[C@@H]1c1ccc(Cl)cc1,2300,-6.717
CHEMBL4437179,O=C(N/N=C/c1ccc(Br)c(F)c1)c1cc2ccccc2[nH]1,2300,-9.023
CHEMBL4515560,O=C(N/N=C/c1ccc(Cl)cc1)c1cc2ccccc2[nH]1,2300,-8.614
CHEMBL4476335,O=C(N/N=C/c1ccccc1O)c1cc2ccccc2[nH]1,2300,-8.026
CHEMBL4466503,O=C(N/N=C/c1cc(O)c(O)c(O)c1)c1cc2ccccc2[nH]1,2300,-7.873
CHEMBL313375,OCC1C(O)C(O)C2OC(Nc3ccccc3)=NC12,2320,-6.014
CHEMBL2180814,O=C1Cc2cc(S(=O)(=O)N3CCN(c4ccc(O)cc4)CC3)ccc2N1,2370,-7.457
CHEMBL1208974,O=S(=O)([O-])O[C@@H](CO)[C@H](O)C[S@+]1C[C@@H](O)[C@H](O)[C@H]1CO,2400,-5.09
CHEMBL268675,Nc1c(O)cc2oc(-c3ccccc3)cc(=O)c2c1O,2400,-6.793
CHEMBL1090539,CCCCCC[C@H]1N[C@H](CO)[C@@H](O)[C@H](O)[C@H]1O,2400,-5.415
CHEMBL254145,OC[C@@H]1[C@@H](O)[C@H](O)[C@@H](O)CN1CCCCCCOc1cccc(-c2cnn[nH]2)c1,2410,-7.239
CHEMBL203543,O=C(Cn1nnc2ccccc21)c1ccc(Cl)cc1,2500,-6.921
CHEMBL4578640,O=C(COc1ccc2ccc(=O)oc2c1)N/N=C1\C(=O)Nc2ccc(Br)cc21,2500,-9.097
CHEMBL4532650,O=C(COc1ccc2ccc(=O)oc2c1)N/N=C1\C(=O)Nc2ccc(Cl)cc21,2500,-9.193
CHEMBL4452470,O=C(COc1ccc2ccc(=O)oc2c1)N/N=C1\C(=O)N(Cc2ccc(Br)cc2)c2ccc(Br)cc21,2500,-9.601
CHEMBL4583142,O=C(COc1ccc2ccc(=O)oc2c1)N/N=C1\C(=O)N(Cc2ccccc2Cl)c2ccc(Br)cc21,2500,-9.93
CHEMBL4581970,O=C(COc1ccc2ccc(=O)oc2c1)N/N=C1\C(=O)N(Cc2ccccc2)c2ccc(Br)cc21,2500,-9.648
CHEMBL5197560,OC[C@@]1(c2c(F)c(F)c(F)c(F)c2F)NC[C@@H](O)[C@@H]1O,2500,-5.861
CHEMBL4587269,Cc1ccc2c(c1)/C(=N/NC(=O)COc1ccc3ccc(=O)oc3c1)C(=O)N2Cc1ccccc1F,2500,-9.567
CHEMBL4537391,Cc1ccc2c(c1)/C(=N/NC(=O)COc1ccc3ccc(=O)oc3c1)C(=O)N2Cc1cccc(F)c1,2500,-9.618
CHEMBL1651633,CCCCCCCCCOCCCCCN1C[C@H](O)[C@@H](O)[C@H](O)[C@H]1CO,2500,-6.135
CHEMBL5180919,COc1ccc([C@@]2(CO)NC[C@H](O)[C@H]2O)cc1OC,2500,-6.044
CHEMBL4526446,O=C(COc1ccc2ccc(=O)oc2c1)N/N=C1\C(=O)Nc2ccccc21,2500,-8.632
CHEMBL4568489,O=C(COc1ccc2ccc(=O)oc2c1)N/N=C1\C(=O)N(Cc2ccccc2)c2ccccc21,2500,-10.132
CHEMBL4237960,Nc1ccn(C2OC(CO)[C@@H](O)[C@H]2O)c(=O)n1,2500,-5.59
CHEMBL4561189,CN1C(=O)/C(=N\NC(=O)COc2ccc3ccc(=O)oc3c2)c2ccccc21,2500,-8.597
CHEMBL4438638,O=C(COc1ccc2ccc(=O)oc2c1)N/N=C1\C(=O)N(Cc2ccccc2F)c2ccccc21,2500,-10.22
CHEMBL4471443,O=C(COc1ccc2ccc(=O)oc2c1)N/N=C1\C(=O)Nc2ccc([N+](=O)[O-])cc21,2500,-8.808
CHEMBL4441977,O=C(COc1ccc2ccc(=O)oc2c1)N/N=C1\C(=O)N(Cc2ccccc2Cl)c2ccccc21,2500,-10.037
CHEMBL4475058,O=C(COc1ccc2ccc(=O)oc2c1)N/N=C1\C(=O)N(Cc2cccc(F)c2)c2ccccc21,2500,-9.979
CHEMBL407337,OCC[C@H]1N[C@H](CO)[C@@H](O)[C@@H]1O,2500,-5.184
CHEMBL4545087,O=C(COc1ccc2ccc(=O)oc2c1)N/N=C1\C(=O)N(Cc2cccc(F)c2)c2ccc(Cl)cc21,2500,-9.38
CHEMBL4518046,O=C(COc1ccc2ccc(=O)oc2c1)N/N=C1\C(=O)N(Cc2ccc(Br)cc2)c2ccccc21,2500,-9.613
CHEMBL4553582,Cc1ccc2c(c1)/C(=N/NC(=O)COc1ccc3ccc(=O)oc3c1)C(=O)N2,2500,-9.588
CHEMBL4463121,O=C(COc1ccc2ccc(=O)oc2c1)N/N=C1\C(=O)Nc2ccc(F)cc21,2500,-9.355
CHEMBL4516073,O=C(COc1ccc2ccc(=O)oc2c1)N/N=C1\C(=O)N(Cc2ccccc2F)c2ccc(Cl)cc21,2500,-9.728
CHEMBL4435626,Cc1cc(C)c2c(c1)/C(=N/NC(=O)COc1ccc3ccc(=O)oc3c1)C(=O)N2,2500,-9.457
CHEMBL5278586,OC[C@@H]1[C@@H](O)[C@H](O)C[S@@+]1C[C@@H](O)[C@H]1OC(c2ccc(F)cc2)OC[C@H]1O.[Cl-],2500,None
CHEMBL4464105,O=c1oc2ccc(Br)cc2cc1-c1nn(-c2ccccc2)cc1-c1nc(-c2ccccc2)c(-c2ccccc2)n1-c1ccc(Cl)cc1,2530,-12.337
CHEMBL5395852,C/C(=N\OC(=O)/C=C/c1ccc(Br)cc1)c1cc2ccc(Br)cc2oc1=O,2540,-7.139
CHEMBL1645620,CC[C@@H]1N[C@@H](CO)[C@H](O)[C@H]1O,2600,-5.244
CHEMBL4566389,COc1ccc(C(=O)Cn2nnc3cc(C)c(C)cc32)cc1,2600,-7.688
CHEMBL5265847,O=C(Sc1nccs1)c1ccc(-c2cccc(Cl)c2)o1,2611,-7.347
CHEMBL4592022,O=c1oc2ccccc2cc1-c1nn(-c2ccccc2)cc1-c1nc(-c2ccccc2)c(-c2ccccc2)[nH]1,2780,-10.074
CHEMBL4435225,COc1ccc(NC(=O)Cn2cc(COc3cc(O)c4c(=O)c5ccc(Br)cc5oc4c3)nn2)c(OC)c1,2780,-8.859
CHEMBL4585914,O=C(Cn1nnc2ccccc21)c1cccc(Br)c1,2790,-7.119
CHEMBL1450675,O=C(Cn1nnc2ccccc21)c1ccc(Br)cc1,2790,-7.121
CHEMBL4565828,O=C(CSc1nnc(-c2ccc(F)cc2)c(-c2ccc(F)cc2)n1)Nc1nc(-c2ccc(Cl)cc2)cs1,2800,-10.716
CHEMBL4545231,O=C(CSc1nnc(-c2ccc(F)cc2)c(-c2ccc(F)cc2)n1)Nc1nc(-c2ccc(Br)cc2)cs1,2800,-10.078
CHEMBL4469167,O=C(CSc1nnc(-c2ccccc2)c(-c2ccccc2)n1)Nc1nc(-c2ccc(Br)cc2)cs1,2800,-9.054
CHEMBL4543253,Cc1ccc(-c2csc(NC(=O)CSc3nnc(-c4ccc(Br)cc4)c(-c4ccc(Br)cc4)n3)n2)cc1,2800,-10.221
CHEMBL4570594,O=C(CSc1nnc(-c2ccc(Br)cc2)c(-c2ccc(Br)cc2)n1)Nc1nc(-c2ccc(Cl)cc2)cs1,2800,-10.578
CHEMBL4453256,COc1ccc(-c2csc(NC(=O)CSc3nnc(-c4ccc(Br)cc4)c(-c4ccc(Br)cc4)n3)n2)cc1,2800,-8.62
CHEMBL4545190,Cc1ccc(-c2csc(NC(=O)CSc3nnc(-c4ccc(F)cc4)c(-c4ccc(F)cc4)n3)n2)cc1,2800,-9.01
CHEMBL5201729,OC[C@]1(c2ccc(F)cc2)NC[C@H](O)[C@H]1O,2800,-5.553
CHEMBL4592051,Cc1ccc(-c2csc(NC(=O)CSc3nnc(-c4ccccc4)c(-c4ccccc4)n3)n2)cc1,2800,-8.583
CHEMBL4578419,O=C(CSc1nnc(-c2ccc(Br)cc2)c(-c2ccc(Br)cc2)n1)Nc1nc(-c2ccccc2)cs1,2800,-9.73
CHEMBL4566821,O=C(CSc1nnc(-c2ccccc2)c(-c2ccccc2)n1)Nc1nc(-c2ccc(F)cc2)cs1,2800,-8.873
CHEMBL4544393,COc1ccc(-c2csc(NC(=O)CSc3nnc(-c4ccccc4)c(-c4ccccc4)n3)n2)cc1,2800,-8.172
CHEMBL4435963,O=C(CSc1nnc(-c2ccc(Br)cc2)c(-c2ccc(Br)cc2)n1)Nc1nc(-c2ccc(F)cc2)cs1,2800,-10.605
CHEMBL4473482,O=C(CSc1nnc(-c2ccccc2)c(-c2ccccc2)n1)Nc1nc(-c2ccc(Cl)cc2)cs1,2800,-10.168
CHEMBL4441899,O=C(CSc1nnc(-c2ccccc2)c(-c2ccccc2)n1)Nc1nc(-c2ccccc2)cs1,2800,-9.236
CHEMBL4458336,O=C(CSc1nnc(-c2ccc(F)cc2)c(-c2ccc(F)cc2)n1)Nc1nc(-c2ccccc2)cs1,2800,-9.726
CHEMBL4545401,O=C(CSc1nnc(-c2ccc(Br)cc2)c(-c2ccc(Br)cc2)n1)Nc1nc(-c2ccc(Br)cc2)cs1,2800,-9.897
CHEMBL4460050,O=C(CSc1nnc(-c2ccc(F)cc2)c(-c2ccc(F)cc2)n1)Nc1nc(-c2ccc(F)cc2)cs1,2800,-9.95
CHEMBL4451810,O=C(c1ccc(F)cc1)n1nnc2ccccc21,2820,-6.632
CHEMBL1258643,OC[C@@H](O)[C@@H](O)[C@H](O)[C@H](O)C[S@+]1C[C@@H](O)[C@H](O)[C@H]1CO.[Cl-],2900,-5.437
CHEMBL88408,OCC1(O)C(O)C(O)C2N=C(Nc3ccccc3)OC21,2930,-6.311
CHEMBL4515499,O=C(c1ccc([N+](=O)[O-])cc1)n1nnc2ccccc21,2970,-6.534
CHEMBL1288788,COc1ccc(C(=O)n2nnc3ccccc32)cc1,2990,-7.366
CHEMBL4469294,O=C(c1cccc(Cl)c1)n1nnc2cc(Cl)c(Cl)cc21,3000,-7.292
CHEMBL3786399,O=C(Nc1cccc2ccccc12)O/N=C1\N[C@H](CO)[C@@H](O)[C@H](O)[C@H]1O,3060,-7.476
CHEMBL4466757,COc1ccc(NC(=O)Cn2cc(COc3cc(O)c4c(=O)c5cc(Br)ccc5oc4c3)nn2)c(OC)c1,3070,-8.978
CHEMBL1076191,O[C@H]1[C@H](O)[C@@H](O)CN2C[C@@H](O)[C@@H](O)[C@H]12,3100,-4.729
CHEMBL4580728,O=C(Cn1cc(COc2cc(O)c3c(=O)c4cc(Br)ccc4oc3c2)nn1)Nc1ccc(O)c(O)c1,3170,-10.405
CHEMBL2051980,CO[C@H]1O[C@H](C)[C@@H](N[C@H]2C=C(CO)[C@@H](O)[C@H](O)[C@H]2O)[C@H](O)[C@H]1O,3200,-5.642
CHEMBL5434765,O=C(NNS(=O)(=O)c1ccccc1F)c1cc2cc(F)ccc2[nH]1,3200,-8.737
CHEMBL4217303,O=C(c1ccc(Br)cc1)n1nnc2ccccc21,3200,-6.46
CHEMBL5423510,O=C(NNS(=O)(=O)c1cccc(F)c1)c1cc2cc(F)ccc2[nH]1,3200,-8.718
CHEMBL2115215,OC[C@@H]1N[C@H](CO)[C@@H](O)[C@H](O)[C@@H]1O,3200,-4.078
CHEMBL2181089,O=C1Cc2cc(S(=O)(=O)N3CCN(c4ccc([N+](=O)[O-])cc4)CC3)ccc2N1,3260,-7.649
CHEMBL2180816,N#Cc1ccc(N2CCN(S(=O)(=O)c3ccc4c(c3)CC(=O)N4)CC2)cc1,3260,-8.712
CHEMBL4577650,Cc1cc2nnn(CC(=O)c3ccccc3O)c2cc1C,3300,-8.549
CHEMBL5171754,Cc1ccc([C@]2(CO)NC[C@@H](O)[C@@H]2O)cc1,3400,-5.995
CHEMBL4450847,COc1ccc(Cc2nnc(-c3ccc(Cl)cc3)n2CC(=O)NNC(=S)Nc2ccc(Cl)cc2)cc1,3400,-9.139
CHEMBL4446986,Cc1cc2nnn(C(=O)c3ccccc3)c2cc1C,3400,-7.185
CHEMBL5412830,Oc1ccc(-c2nc3cc(N4CCOCC4)ccc3[nH]2)cc1,3400,-7.17
CHEMBL5290456,Cl.O=[N+]([O-])c1cccc(C2OC[C@@H](O)[C@@H]([C@H](O)C[S@+]3C[C@@H](O)[C@H](O)[C@H]3CO)O2)c1,3400,None
CHEMBL4443687,Cc1cc2nnn(CC(=O)c3ccccc3)c2cc1C,3410,-6.945
CHEMBL4516633,O=C(Cn1nnc2ccccc21)c1cccc(Cl)c1Cl,3470,-7.154
CHEMBL5428655,COc1cc2oc(=O)ccc2cc1-c1c(O)cc(O)c2c1O/C(=C\c1ccccc1)C2=O,3550,-8.952
CHEMBL402196,CC(=O)c1ccc(O)c(N)c1O,3600,-5.825
CHEMBL3358660,O[C@@H]1[C@@H](O)[C@H](O)C[C@H](N[C@H]2C[C@@H](O)[C@@H](O)[C@H](O)[C@@H]2O)[C@@H]1O,3700,-5.208
CHEMBL4440745,O=C(c1ccccc1)n1nnc2cc(Cl)c(Cl)cc21,3700,-6.956
CHEMBL1088892,CCCC[C@H]1N[C@H](CO)[C@@H](O)[C@H](O)[C@H]1O,3800,-5.719
CHEMBL598823,CO[C@@H]1O[C@H](Cn2cc(C3=CCCCC3)nn2)[C@H]2OC(C)(C)O[C@@H]12,3800,-7.773
CHEMBL4573584,Cc1ccc(C(=O)n2nnc3cc(Cl)c(Cl)cc32)cc1C,3820,-8.091
CHEMBL4567315,O=C(Cn1nnc2ccccc21)c1ccc(Cl)c(Cl)c1,3900,-7.332
CHEMBL1641748,CCCCCCCCCCC[C@@H]1N[C@@H](CO)[C@H](O)[C@H]1O,3900,-6.686
CHEMBL2051979,CO[C@H]1O[C@H](CO)[C@H](N[C@H]2C=C(CO)[C@@H](O)[C@H](O)[C@H]2O)[C@H](O)[C@H]1O,4000,-5.794
CHEMBL1429088,O=C(Cn1nnc2ccccc21)c1cccc([N+](=O)[O-])c1,4000,-7.731
CHEMBL3358661,O[C@@H]1[C@@H](O)[C@H](O)C[C@H](N[C@H]2C[C@H](O)[C@@H](O)[C@H](O)[C@@H]2O)[C@@H]1O,4000,-5.351
CHEMBL5410015,CC1(C)CC[C@]2(C(=O)O)CC[C@]3(C)C(=CC[C@@H]4[C@@]5(C)Cc6c([nH]c7c(F)cc(F)cc67)C(C)(C)[C@@H]5CC[C@]43C)[C@@H]2C1,4020,-4.913
CHEMBL3786269,O=C(NC12CC3CC(CC(C3)C1)C2)O/N=C1\N[C@H](CO)[C@@H](O)[C@H](O)[C@H]1O,4090,-7.322
CHEMBL3901171,O=c1cc(C(F)(F)F)c2ccc(OCCCCn3cc(CCCCN4C[C@H](O)[C@@H](O)[C@H](O)[C@H]4CO)nn3)cc2o1,4100,-7.268
CHEMBL4549620,Cc1cc(C(=O)n2nnc3ccccc32)ccc1[N+](=O)[O-],4100,-7.165
CHEMBL5194927,COc1ccc([C@]2(CO)NC[C@@H](O)[C@@H]2O)cc1OC,4100,-6.4
CHEMBL5196218,OC[C@]1(c2c(F)c(F)c(F)c(F)c2F)NC[C@H](O)[C@H]1O,4100,-7.097
CHEMBL2181095,O=Cc1ccc(N2CCN(S(=O)(=O)c3ccc4c(c3)CC(=O)N4)CC2)cc1,4110,-7.303
CHEMBL1454708,O=C(Nc1nccs1)c1ccc(-c2cccc([N+](=O)[O-])c2)o1,4120,-7.836
CHEMBL3763455,O=[N+]([O-])c1ccc(CO[C@H]([C@H](O)[C@@H](O)CO)[C@H](O)C[S+]2C[C@@H](O)[C@H](O)[C@H]2CO)cc1.[Cl-],4200,-7.124
CHEMBL3084806,CCCCN1[C@H](CO)[C@H](O)[C@@H](O)[C@H](O)[C@H]1CO,4200,-4.598
CHEMBL403239,Nc1c(O)cccc1O,4200,-5.33
CHEMBL5287703,O=c1ccc2c(-c3c(O)c(O)c(-c4c(O)c(O)cc5ccc(=O)oc45)c4oc(=O)ccc34)c(O)c(O)cc2o1,4200,-8.254
CHEMBL4573221,Cc1cc(C(=O)n2nnc3ccccc32)cc(C)c1C,4230,-7.962
CHEMBL4513806,O=C(C[C@@H](c1ccc(Cl)cc1)c1c[nH]c2ccccc12)c1ccccc1,4300,-7.874
CHEMBL369297,OC[C@@H]1NC[C@@H](O)[C@H](O)[C@H]1O,4300,-4.973
CHEMBL4440152,Cc1ccc([C@H](CC(=O)c2ccc3ccccc3c2)c2c[nH]c3ccccc23)cc1,4300,-9.304
CHEMBL4472506,O=C(C[C@@H](c1cccc(Br)c1)c1c[nH]c2ccccc12)c1ccccc1,4300,-8.787
CHEMBL4557896,O=C(C[C@@H](c1ccc(Br)cc1)c1c[nH]c2ccccc12)c1ccccc1,4300,-7.137
CHEMBL4456998,O=C(C[C@@H](c1cccs1)c1c[nH]c2ccccc12)c1ccccc1,4300,-8.062
CHEMBL4526585,O=C(C[C@@H](c1c(Cl)cccc1Cl)c1c[nH]c2ccccc12)c1ccccc1,4300,-8.505
CHEMBL4559187,COc1ccc(Cc2nnc(-c3ccc(Cl)cc3)n2Cc2nn(CN3CCN(C)CC3)c(=S)o2)cc1,4300,-7.798
CHEMBL4439503,O=C(C[C@@H](c1ccccc1)c1c[nH]c2ccccc12)c1ccc2ccccc2c1,4300,-7.286
CHEMBL4473090,O=C(C[C@@H](c1ccc(Cl)cc1)c1c[nH]c2ccccc12)c1ccc2ccccc2c1,4300,-9.246
CHEMBL4520965,O=C(C[C@@H](c1cccc([N+](=O)[O-])c1)c1c[nH]c2ccccc12)c1ccccc1,4300,-8.991
CHEMBL4539984,O=C(C[C@@H](c1cccs1)c1c[nH]c2ccccc12)c1ccc2ccccc2c1,4300,-8.252
CHEMBL4525900,COc1ccc([C@H](CC(=O)c2ccccc2)c2c[nH]c3ccccc23)cc1,4300,-8.508
CHEMBL4441979,COc1ccc([C@H](CC(=O)c2ccc3ccccc3c2)c2c[nH]c3ccccc23)cc1,4300,-7.857
CHEMBL4590962,Cc1ccc([C@H](CC(=O)c2ccccc2)c2c[nH]c3ccccc23)cc1,4300,-7.978
CHEMBL4474603,Cc1cccc([C@H](CC(=O)c2ccccc2)c2c[nH]c3ccccc23)c1,4300,-7.15
CHEMBL4556170,O=C(C[C@@H](c1ccc(Cl)cc1Cl)c1c[nH]c2ccccc12)c1ccccc1,4300,-8.513
CHEMBL4464394,O=C(C[C@@H](c1ccccc1)c1c[nH]c2ccccc12)c1ccccc1,4300,-8.304
CHEMBL4437073,Nc1cc(C(=O)n2nnc3ccccc32)ccc1Cl,4320,-7.19
CHEMBL4462641,Cc1cccc(C(=O)n2nnc3ccccc32)c1,4420,-7.38
CHEMBL5414025,CCOC(=O)C1=C(C)NC(C)=C(C(=O)OCC)C1c1cccc2c1OCO2,4480,-5.76
CHEMBL5399820,COc1ccc(/N=C2/NC(=O)/C(=C/c3cn(-c4ccccc4)nc3-c3ccc([N+](=O)[O-])cc3)S2)cc1,4480,-8.344
CHEMBL1232371,OC[C@@H]1[C@@H](O)[C@H](O)C[S@@+]1C[C@@H](O)[C@@H](O)[C@H](O)[C@H](O)[C@@H](O)CO,4500,-5.279
CHEMBL4561169,COc1ccc(C(=O)Cn2nnc3ccccc32)cc1,4500,-6.876
CHEMBL5281867,Cl.O=[N+]([O-])c1ccc(C2OC[C@@H](O)[C@@H]([C@H](O)C[S@+]3C[C@@H](O)[C@H](O)[C@H]3CO)O2)cc1,4500,None
CHEMBL5287516,O=C(Sc1nccs1)c1ccc(-c2ccc(Cl)cc2)o1,4562,-7.619
CHEMBL3980365,CN(C)c1cccc2c(S(=O)(=O)NCCOCCn3cc(CCCCN4C[C@H](O)[C@@H](O)[C@H](O)[C@H]4CO)nn3)cccc12,4600,-7.635
CHEMBL3764813,OC[C@@H]1[C@@H](O)[C@H](O)C[S+]1C[C@@H](O)[C@H](OCc1ccc(C(F)(F)F)cc1)[C@H](O)[C@@H](O)CO.[Cl-],4600,None
CHEMBL3222197,CCCC(=O)N[C@@H]1C[C@@H](O)[C@H](O)[C@@H](O)[C@H]1O,4700,-5.69
CHEMBL5410420,O=C(NNS(=O)(=O)c1ccc(Br)cc1)c1cc2cc(F)ccc2[nH]1,4700,-9.062
CHEMBL5278121,O=c1ccc2c(-c3c(O)c(O)c(-c4c(O)c(O)cc5oc(=O)ccc45)c4oc(=O)ccc34)c(O)c(O)cc2o1,4700,-9.624
CHEMBL1409618,Cc1ccc(C(=O)Cn2nnc3ccccc32)cc1,4780,-7.787
CHEMBL1253491,COc1ccccc1C(=O)n1nnc2ccccc21,4790,-7.019
CHEMBL1795466,COc1cc(-c2ccc(O)cc2)c(OC)c(O)c1-c1ccc(O)cc1,4790,-6.998
CHEMBL4211682,C=C(C)C(O)Cc1c(O)c(C/C=C(\C)CCC=C(C)C)c2oc3ccc(O)cc3c(=O)c2c1O,4800,-8.356
CHEMBL4757019,CCC[C@@H](O)[C@H](OS(=O)(=O)[O-])[C@H](O)C[S@+]1C[C@@H](O)[C@H](O)[C@H]1CO,4800,-5.1
CHEMBL5279273,Cc1ccc(NC(=O)Cn2cc(COc3ccc(C4Nc5ccccc5C(=O)N4Nc4ccccc4)cc3)nn2)c(C)c1,4800,-10.475
CHEMBL3397482,O=C(O)CC1Oc2ccccc2-c2ccc3c(c21)C(=O)C(=O)N3Cc1ccc(C(F)(F)F)cc1,4800,-8.548
CHEMBL4443784,Cc1ccc(C(=O)n2nnc3ccccc32)cc1C,4800,-6.862
CHEMBL4449860,O=C(Cn1nnc2ccccc21)c1ccccc1O,4870,-7.247
CHEMBL1438482,O=C(Cn1nnc2ccccc21)c1ccccc1,4910,-6.679
CHEMBL3785103,O=C(Nc1c(F)cccc1F)O/N=C1\N[C@H](CO)[C@@H](O)[C@H](O)[C@H]1O,4930,-6.518
CHEMBL4515373,O=C(Cn1nnc2ccccc21)c1ccc(-c2ccccc2)cc1,4980,-8.148
CHEMBL1321017,O=C(Nc1nccs1)c1ccc(-c2ccc([N+](=O)[O-])cc2)o1,4987,-7.731
CHEMBL5268563,C=C(C)/C=C/c1c(O)cc2oc3cc(O)c(OC)c(/C=C/C(=C)C)c3c(=O)c2c1O,5000,-7.061
CHEMBL2259858,COc1ccc(/C=C/C(=O)c2ccc3occc3c2O)cc1OC,5000,-7.547
CHEMBL5268812,COc1ccc(NC(=O)Cn2cc(COc3ccc(C4Nc5ccccc5C(=O)N4Nc4ccccc4)cc3OC)nn2)cc1,5000,-10.523
CHEMBL4757984,CCC[C@@H](O)[C@H](O)[C@H](O)C[S@+]1C[C@@H](O)[C@H](O)[C@H]1CO.CS(=O)(=O)[O-],5000,None
CHEMBL177114,CCOC(=O)CC(=O)OCC,5000,-4.365
CHEMBL2414822,CC(=O)Oc1ccc(/C=C/C(=O)NC[C@@H]2O[C@H](CO)[C@@H](O)[C@H](O)[C@H]2O)cc1OC(C)=O,5100,-6.977
CHEMBL597186,CO[C@@H]1O[C@H](Cn2cc(C3(O)CCCCC3)nn2)[C@H]2OC(C)(C)O[C@@H]12,5200,-6.905
CHEMBL4533056,O=C(c1c(F)cccc1F)n1nnc2ccccc21,5230,-6.809
CHEMBL4472998,O=C(Cn1cc(COc2cc(O)c3c(=O)c4ccc(Br)cc4oc3c2)nn1)Nc1ccc(O)c(O)c1,5230,-9.327
CHEMBL5273846,O=C(Sc1nccs1)c1ccc(-c2ccc(Br)cc2)o1,5283,-7.307
CHEMBL1288725,O=C(c1ccccc1)n1nnc2ccccc21,5290,-7.592
CHEMBL184574,O=c1c2c(O)cc(O)cc2oc2c(O)ccc(O)c12,5300,-6.46
CHEMBL4543481,Cc1cccc2nc(-c3ccc(Cl)cc3)[nH]c12,5300,-6.792
CHEMBL4482888,COc1ccc(O)c(-c2nc3cccc(C)c3[nH]2)c1,5300,-6.659
CHEMBL4474005,Cc1cccc2nc(-c3cc(O)ccc3O)[nH]c12,5300,-6.96
CHEMBL4567754,Cc1cccc2nc(-c3cccs3)[nH]c12,5300,-6.502
CHEMBL4556298,Cc1cccc2nc(-c3ccc(O)c(O)c3)[nH]c12,5300,-6.955
CHEMBL4453302,Cc1cccc2nc(-c3ccccc3Cl)[nH]c12,5300,-6.627
CHEMBL4469378,Cc1cccc2nc(-c3cccc(O)c3O)[nH]c12,5300,-6.744
CHEMBL4483473,Cc1cccc2nc(-c3ccccc3[N+](=O)[O-])[nH]c12,5300,-6.634
CHEMBL4521147,Cc1cccc2nc(-c3cccc(F)c3)[nH]c12,5300,-7.133
CHEMBL4460277,Cc1cccc2nc(-c3ccccc3F)[nH]c12,5300,-7.496
CHEMBL4447344,Cc1cccc2nc(-c3ccc(O)cc3O)[nH]c12,5300,-6.768
CHEMBL4555802,Cc1cccc2nc(-c3ccc(F)cc3)[nH]c12,5300,-7.234
CHEMBL3222196,CC(=O)N[C@@H]1C[C@@H](O)[C@H](O)[C@@H](O)[C@H]1O,5300,-5.028
CHEMBL4438176,Cc1ccc(-c2csc(N/N=C3\C(=O)Nc4ccc(F)cc43)n2)cc1,5300,-8.488
CHEMBL4513279,COc1ccc(-c2csc(N/N=C3\C(=O)N(C)c4ccccc43)n2)cc1,5300,-7.433
CHEMBL4453617,CN1C(=O)/C(=N\Nc2nc(-c3ccc(F)cc3)cs2)c2ccccc21,5300,-8.833
CHEMBL4525043,Cc1ccc(-c2csc(N/N=C3\C(=O)N(C)c4ccccc43)n2)cc1,5300,-8.103
CHEMBL4465548,COc1ccc(-c2csc(N/N=C3\C(=O)N(Cc4ccccc4F)c4ccc(C)cc43)n2)cc1,5300,-8.29
CHEMBL4461266,O=C1Nc2ccc(F)cc2/C1=N/Nc1nc(-c2ccc(F)cc2)cs1,5300,-8.889
CHEMBL3409200,O=C1Nc2ccccc2/C1=N/Nc1nc(-c2ccc(F)cc2)cs1,5300,-8.749
CHEMBL3409203,Cc1ccc(-c2csc(N/N=C3\C(=O)Nc4ccccc43)n2)cc1,5300,-8.358
CHEMBL4549579,Cc1ccc(-c2csc(N/N=C3\C(=O)N(Cc4ccccc4F)c4ccc(C)cc43)n2)cc1,5300,-9.466
CHEMBL4529445,Cc1cccc2nc(-c3ccccc3O)[nH]c12,5300,-7.434
CHEMBL4579201,Cc1cccc2nc(-c3cccc(O)c3)[nH]c12,5300,-6.935
CHEMBL4439784,Cc1cccc2nc(-c3ccc(O)cc3)[nH]c12,5300,-7.02
CHEMBL4475487,COc1ccc(-c2nc3cccc(C)c3[nH]2)c(O)c1,5300,-6.966
CHEMBL4473648,Cc1cccc2nc(-c3cccc(Cl)c3)[nH]c12,5300,-7.172
CHEMBL4550935,COc1ccc(-c2nc3cccc(C)c3[nH]2)cc1O,5300,-6.956
CHEMBL4565093,Cc1cccc2nc(-c3ccncc3)[nH]c12,5300,-6.582
CHEMBL4545784,Cc1ccc2c(c1)/C(=N/Nc1nc(-c3ccc(O)cc3)cs1)C(=O)N2,5300,-8.579
CHEMBL4446848,Cc1cc(C)c2c(c1)/C(=N/Nc1nc(-c3ccc(Br)cc3)cs1)C(=O)N2,5300,-8.262
CHEMBL4460518,Cc1ccc2c(c1)/C(=N/Nc1nc(-c3ccc(O)cc3)cs1)C(=O)N2Cc1ccccc1F,5300,-7.343
CHEMBL3409199,O=C1Nc2ccccc2/C1=N/Nc1nc(-c2ccc(Cl)cc2)cs1,5300,-8.979
CHEMBL4550316,O=C1Nc2ccc(Cl)cc2/C1=N/Nc1nc(-c2ccc(Br)cc2)cs1,5300,-7.819
CHEMBL4468486,Cc1cc(C)c2c(c1)/C(=N/Nc1nc(-c3ccc(F)cc3)cs1)C(=O)N2,5300,-9.935
CHEMBL4538319,Cc1ccc(-c2csc(N/N=C3\C(=O)Nc4c(C)cc(C)cc43)n2)cc1,5300,-7.732
CHEMBL3407639,O=C(N/N=C/c1ccc(Cl)cc1)c1ccc(-c2nc3ccccc3s2)cc1,5310,-6.843
CHEMBL2418233,O=C(/C=C/c1ccc(O)c(O)c1)O[C@@H]1C[C@@H](O)[C@H](O)[C@@H](O)[C@H]1O,5310,-7.311
CHEMBL5284892,O=C(Sc1nccs1)c1ccc(-c2cccc(F)c2)o1,5392,-7.429
CHEMBL5271893,COc1cc(C2Nc3ccccc3C(=O)N2Nc2ccccc2)ccc1OCc1cn(CC(=O)NCc2ccc(C)cc2)nn1,5400,-9.681
CHEMBL1709767,COc1cc(O)c2c(=O)c3c(O)c(O)ccc3oc2c1OC,5420,-6.452
CHEMBL4289618,O=C1NC(=S)S/C1=C\c1ccc(OCN2C(=O)c3ccccc3C2=O)c(Cl)c1,5440,-8.03
CHEMBL3407624,O=C(N/N=C/c1ccccc1O)c1ccc(-c2nc3ccccc3s2)cc1,5550,-7.35
CHEMBL3407627,O=C(N/N=C/c1ccc(O)cc1O)c1ccc(-c2nc3ccccc3s2)cc1,5580,-6.912
CHEMBL3765775,OC[C@@H]1[C@@H](O)[C@H](O)C[S+]1C[C@@H](O)[C@H](OCc1ccc(Cl)cc1)[C@H](O)[C@@H](O)CO.[Cl-],5600,None
CHEMBL2414819,O=C(/C=C/c1ccc(O)cc1)NC[C@@H]1O[C@H](CO)[C@@H](O)[C@H](O)[C@H]1O,5600,-7.633
CHEMBL4466646,CCCCOc1ccc(C(=O)n2nnc3ccccc32)cc1,5600,-7.227
CHEMBL4532649,O=C(c1ccc(F)c(F)c1Cl)n1nnc2ccccc21,5630,-6.562
CHEMBL597996,CO[C@@H]1O[C@H](Cn2cc(COc3ccccc3)nn2)[C@H]2OC(C)(C)O[C@@H]12,5700,-7.74
CHEMBL2177693,CCC[C@@H](O)[C@@H]1N[C@@H](CO)[C@H](O)[C@H]1O,5700,-5.43
CHEMBL323197,COc1c(O)cc2oc3cc(O)c(CC=C(C)C)c(O)c3c(=O)c2c1CC=C(C)C,5700,-7.506
CHEMBL5432769,COc1cccc(NC(=O)Cn2nc3c(c2C)N(C)Sc2ccccc2-3)c1,5800,-7.508
CHEMBL2114189,CC[C@H]1NC[C@@H](O)[C@@H]1O,5800,-4.871
CHEMBL4567979,O=C(Cn1cc(COc2cc(O)c3c(=O)c4ccc(Br)cc4oc3c2)nn1)Nc1ccc(O)cc1O,5870,-10.502
CHEMBL5279024,O=C(Nc1nccs1)c1ccc(-c2cccc(Cl)c2)o1,5871,-7.622
CHEMBL557057,O=C1Nc2ccccc2C1(c1c[nH]c2ccccc12)c1c[nH]c2ccccc12,5900,-7.827
CHEMBL4590423,O=C1Nc2ccc(Br)cc2C1(c1c[nH]c2ccccc12)c1c[nH]c2ccccc12,5900,-8.067
CHEMBL4435550,CC(C)n1cc(C2(c3cn(C(C)C)c4ccccc34)C(=O)Nc3ccccc32)c2ccccc21,5900,-8.32
CHEMBL4436361,CC(C)Cn1cc(C2(c3cn(CC(C)C)c4ccccc34)C(=O)Nc3ccccc32)c2ccccc21,5900,-8.464
CHEMBL2011865,O=C1Nc2ccc(Cl)cc2C1(c1c[nH]c2ccccc12)c1c[nH]c2ccccc12,5900,-8.683
CHEMBL4550304,CCCCn1cc(C2(c3cn(CCCC)c4ccccc34)C(=O)Nc3ccccc32)c2ccccc21,5900,-8.353
CHEMBL564411,Cn1cc(C2(c3cn(C)c4ccccc34)C(=O)Nc3ccccc32)c2ccccc21,5900,-7.671
CHEMBL4445238,O=C1Nc2ccccc2C1(c1cn(Cc2ccccc2)c2ccccc12)c1cn(Cc2ccccc2)c2ccccc12,5900,-8.991
CHEMBL4440702,Cc1ccc2c(c1)C(c1c[nH]c3ccccc13)(c1c[nH]c3ccccc13)C(=O)N2,5900,-8.626
CHEMBL4436320,O=C1Nc2ccccc2C1(c1cn(Cc2ccccc2F)c2ccccc12)c1cn(Cc2ccccc2F)c2ccccc12,5900,-9.714
CHEMBL4575035,O=C1Nc2ccccc2C1(c1cn(Cc2ccccc2Cl)c2ccccc12)c1cn(Cc2ccccc2Cl)c2ccccc12,5900,-10.443
CHEMBL4460080,O=C1Nc2ccccc2C1(c1cn(Cc2ccc(Br)cc2)c2ccccc12)c1cn(Cc2ccc(Br)cc2)c2ccccc12,5900,-7.104
CHEMBL4564310,O=C1Nc2ccccc2C1(c1cn(Cc2cccc(F)c2)c2ccccc12)c1cn(Cc2cccc(F)c2)c2ccccc12,5900,-9.426
CHEMBL4443865,CCCn1cc(C2(c3cn(CCC)c4ccccc34)C(=O)Nc3ccccc32)c2ccccc21,5900,-8.312
CHEMBL5428724,COC(=O)[C@]12CCC(C)(C)C[C@H]1C1=CC[C@@H]3[C@@]4(C)Cc5c([nH]c6cc([N+](=O)[O-])ccc56)C(C)(C)[C@@H]4CC[C@@]3(C)[C@]1(C)CC2,5910,0.553
CHEMBL5273810,O=C(Sc1nccs1)c1ccc(-c2ccccc2F)o1,5970,-7.561
CHEMBL30707,O=c1oc2cc(O)ccc2c2oc3cc(O)ccc3c12,6000,-7.173
CHEMBL456583,OC[C@H]1NCC[C@H](O)[C@@H]1O,6000,-4.907
CHEMBL5290636,CC1(C)C=Cc2c(ccc3c2OC2c4ccc(O)cc4OCC32)O1,6000,-7.727
CHEMBL394682,C=C1CC[C@@H]2[C@](C)(COC(=O)c3cccnc3)[C@H](OC(=O)c3cccnc3)CC[C@@]2(C)[C@@H]1/C=C/C1=C/C(=C\c2ccc(Cl)cc2)OC1=O,6000,-8.207
CHEMBL5281806,COc1cc(C2Nc3ccccc3C(=O)N2Nc2ccccc2)ccc1OCc1cn(CC(=O)Nc2ccc([N+](=O)[O-])cc2)nn1,6000,-10.598
CHEMBL401628,OC[C@@H]1[C@@H](O)[C@H](O)[C@@H](O)CN1CCCCOc1cccc(-c2cnn[nH]2)c1,6070,-7.464
CHEMBL3222198,CCCCCC(=O)N[C@@H]1C[C@@H](O)[C@H](O)[C@@H](O)[C@H]1O,6100,-6.075
CHEMBL4439490,O=C(Cn1cc(COc2cc(O)c3c(=O)c4ccc(O)cc4oc3c2)nn1)Nc1ccc(O)c(O)c1,6130,-10.077
CHEMBL4476389,C(=N/Nc1nc(-c2ccc(-c3ccccc3)cc2)cs1)\c1cccc2ccccc12,6200,-9.288
CHEMBL4583678,O=C(N/N=C/c1ccc(Cl)cc1)c1nc(-c2cc3ccccc3oc2=O)cs1,6200,-8.1
CHEMBL4468721,COc1ccccc1/C=N/NC(=O)c1nc(-c2cc3ccccc3oc2=O)cs1,6200,-8.009
CHEMBL4456697,O=C(N/N=C/c1cccc(Cl)c1)c1nc(-c2cc3ccccc3oc2=O)cs1,6200,-8.595
CHEMBL4453289,O=C(N/N=C/c1cccc(Br)c1)c1nc(-c2cc3ccccc3oc2=O)cs1,6200,-8.498
CHEMBL4576919,O=C(N/N=C/c1ccccc1O)c1nc(-c2cc3ccccc3oc2=O)cs1,6200,-8.995
CHEMBL4573047,O=C(N/N=C/c1ccc(O)cc1)c1nc(-c2cc3ccccc3oc2=O)cs1,6200,-8.151
CHEMBL4574133,CC(C)(C)c1cc(/C=N/NC(=O)c2nc(-c3cc4ccccc4oc3=O)cs2)c(O)c(C(C)(C)C)c1,6200,-9.592
CHEMBL4444658,O=C(N/N=C/c1cc(O)ccc1O)c1nc(-c2cc3ccccc3oc2=O)cs1,6200,-7.767
CHEMBL4516889,O=C(N/N=C/c1ccc(O)c(O)c1)c1nc(-c2cc3ccccc3oc2=O)cs1,6200,-7.658
CHEMBL5416871,N#Cc1ccc(S(=O)(=O)NNC(=O)c2cc3cc(F)ccc3[nH]2)cc1,6200,-8.763
CHEMBL4435153,O=C(N/N=C/c1ccc(C(F)(F)F)cc1)c1nc(-c2cc3ccccc3oc2=O)cs1,6200,-8.426
CHEMBL4538234,COc1ccc(/C=N/NC(=O)c2nc(-c3cc4ccccc4oc3=O)cs2)cc1,6200,-8.347
CHEMBL4452388,O=C(N/N=C/c1cccc(F)c1)c1nc(-c2cc3ccccc3oc2=O)cs1,6200,-9.187
CHEMBL4521797,O=C(N/N=C/c1ccccc1F)c1nc(-c2cc3ccccc3oc2=O)cs1,6200,-8.949
CHEMBL4553656,COc1ccc(/C=N/NC(=O)c2nc(-c3cc4ccccc4oc3=O)cs2)c(O)c1,6200,-7.912
CHEMBL4553128,O=C(N/N=C/c1ccc(O)c(F)c1)c1nc(-c2cc3ccccc3oc2=O)cs1,6200,-8.052
CHEMBL4460908,O=C(N/N=C/c1cc(Cl)ccc1O)c1nc(-c2cc3ccccc3oc2=O)cs1,6200,-8.66
CHEMBL4129528,O=C(N/N=C/c1cc(Cl)cc(Cl)c1O)c1nc(-c2cc3ccccc3oc2=O)cs1,6200,-9.007
CHEMBL5266469,O=C(Nc1nccs1)c1ccc(-c2cccc(F)c2)o1,6227,-7.66
CHEMBL3918889,O=c1ccc2nc3ccc(OCCCCn4cc(CCCCN5C[C@H](O)[C@@H](O)[C@H](O)[C@H]5CO)nn4)cc3oc-2c1,6300,-8.101
CHEMBL5270724,COc1ccc(-c2ncc(NC(=O)Cn3cc(COc4ccc(-c5nc6ccccc6[nH]5)cc4)nn3)s2)cc1,6310,-8.516
CHEMBL5268558,O=c1ccc2cc(O)c(O)c(-c3c(O)c(O)cc4ccc(=O)oc34)c2o1,6400,-7.517
CHEMBL4516081,O=C(c1ccc(O)cc1)C1Cc2c(ccc3ccccc23)O1,6500,-7.562
CHEMBL5175783,OC[C@@]1(c2cccc(F)c2)NC[C@@H](O)[C@@H]1O,6500,-5.465
CHEMBL2159632,O=S(=O)([O-])O[C@@H]([C@@H](O)[C@@H](O)[C@@H](O)CO)[C@H](O)C[S@+]1C[C@@H](O)[C@H](O)[C@H]1CO,6500,-5.046
CHEMBL3407617,COc1ccc(O)c(/C=N/NC(=O)c2ccc(-c3nc4ccccc4s3)cc2)c1,6500,-7.546
CHEMBL4294091,O=C1NC(=S)S/C1=C\c1ccc(OCN2C(=O)c3ccccc3C2=O)c([N+](=O)[O-])c1,6590,-8.183
CHEMBL4204289,COc1cc(-c2ccc(OCCBr)cc2)c(OC)c(OCCBr)c1-c1ccc(O)cc1,6670,-6.67
CHEMBL454551,COc1ccc([C@@H]2N[C@@H](CO)[C@H](O)[C@H]2O)cc1O,6700,-5.963
CHEMBL5282594,COc1cc(C2Nc3ccccc3C(=O)N2Nc2ccccc2)ccc1OCc1cn(CC(=O)Nc2ccc(Cl)cc2)nn1,6700,-10.535
CHEMBL3358659,N[C@@H]1C[C@@H](O)[C@H](O)[C@@H](O)[C@H]1O,6800,-4.95
CHEMBL5273304,CC(C)=CC/C(C)=C/Cc1c(O)cc2oc3c(O)ccc(O)c3c(=O)c2c1O,6900,-8.53
CHEMBL5266990,O=C(Sc1nccs1)c1ccc(-c2ccc(F)cc2F)o1,6935,-8.075
CHEMBL3407623,COc1ccc(/C=N/NC(=O)c2ccc(-c3nc4ccccc4s3)cc2)c(O)c1,6970,-7.77
CHEMBL3786889,CSc1ccc(NC(=O)O/N=C2\N[C@H](CO)[C@@H](O)[C@H](O)[C@H]2O)cc1,7030,-5.97
CHEMBL4474751,O=C(Cn1cc(COc2cc(O)c3c(=O)c4cc(O)ccc4oc3c2)nn1)Nc1ccc(O)c(O)c1,7060,-9.772
CHEMBL187043,O=c1c2c(O)cc(O)cc2oc2ccc(O)c(O)c12,7090,-6.425
CHEMBL3407632,O=C(N/N=C/c1ccc(F)cc1)c1ccc(-c2nc3ccccc3s2)cc1,7120,-7.319
CHEMBL4211872,COc1c(Br)c(-c2ccc(O)cc2)c(OC)c(O)c1-c1ccc(O)cc1,7140,-6.415
CHEMBL5277625,CCc1ccc(NC(=O)Cn2cc(COc3ccc(C4Nc5ccccc5C(=O)N4Nc4ccccc4)cc3OC)nn2)cc1,7200,-10.805
CHEMBL4128298,O=C(Cn1c(Cc2ccc(Br)cc2)nc2ccccc2c1=O)NNC(=O)c1cc2ccccc2oc1=O,7300,-9.22
CHEMBL3358658,N[C@H]1C[C@@H](O)[C@H](O)[C@@H](O)[C@H]1O,7300,-5.453
CHEMBL5413190,O=C(NNS(=O)(=O)c1cccc(Cl)c1)c1cc2cc(F)ccc2[nH]1,7400,-8.355
CHEMBL3787212,O=C(Nc1ccc2nsnc2c1)O/N=C1\N[C@H](CO)[C@@H](O)[C@H](O)[C@H]1O,7400,-6.222
CHEMBL1628264,N[C@H]1C[C@H](CO)[C@@H](O)[C@H](O)[C@H]1O,7500,-4.172
CHEMBL4079099,CC1(C)CCc2cc(CC3=C(c4ccc(O)cc4)[C@@](O)(C(=O)O)OC3=O)ccc2O1,7630,-7.919
CHEMBL2414817,CC(=O)Oc1cc(C(=O)NC[C@@H]2O[C@H](CO)[C@@H](O)[C@H](O)[C@H]2O)cc(OC(C)=O)c1OC(C)=O,7700,-6.382
CHEMBL4281051,CCOc1cc(/C=C2\SC(=S)NC2=O)ccc1OCN1C(=O)c2ccccc2C1=O,7720,-8.317
CHEMBL5286921,C=C(C)/C=C/c1cc(O)c(O)c2oc3c(C/C=C(/C)CC=C(C)C)c(OC)cc(O)c3c(=O)c12,7800,-7.532
CHEMBL50,O=c1c(O)c(-c2ccc(O)c(O)c2)oc2cc(O)cc(O)c12,7800,-7.294
CHEMBL4292355,O=C1NC(=S)S/C1=C\c1ccc(OCN2C(=O)c3ccccc3C2=O)cc1,7910,-7.782
CHEMBL5283167,O=C(Cn1cc(COc2ccc(C3Nc4ccccc4C(=O)N3Nc3ccccc3)cc2)nn1)Nc1ccc(Br)cc1,8000,-10.286
CHEMBL3407634,O=C(N/N=C/c1ccccc1)c1ccc(-c2nc3ccccc3s2)cc1,8050,-8.295
CHEMBL3407638,O=C(N/N=C/c1ccc(O)c(Br)c1)c1ccc(-c2nc3ccccc3s2)cc1,8070,-7.097
CHEMBL5084733,C=C1C(=O)O[C@@H]2/C=C(\C)[C@@H](O)C/C=C(\C)C[C@@H](OC(=O)/C(=C\C)COC(C)=O)[C@@H]12,25000,-7.448
CHEMBL5077500,C=C1C(=O)O[C@@H]2/C=C(\C)CC/C=C(\CO)C[C@@H](OC(=O)/C(C)=C/C)[C@@H]12,25000,-6.953
CHEMBL5088957,C=C1C(=O)O[C@@H]2/C=C(\C)CC/C=C(\C)C[C@@H](OC(=O)/C(=C/C)COC(C)=O)[C@@H]12,25000,-7.626
CHEMBL5178321,C=CCc1cc(-c2cc(CC=C)c3oc(SCc4nnc(-c5ccccc5C)o4)nc3c2)c2oc(SCc3nnc(-c4ccccc4C)o3)nc2c1,25000,-10.618
CHEMBL5075131,C=C1C(=O)O[C@@H]2/C=C(\C)C[C@H](O)/C=C(\C)C[C@@H](OC(=O)/C(=C\C)COC(C)=O)[C@@H]12,25000,-6.93
CHEMBL2207950,N#C/C=C1\C=C(c2ccc(F)cc2)N=C2Sc3ccccc3N21,25030,-7.899
CHEMBL5277400,CCc1ccc(NC(=O)Cn2cc(COc3ccc(-c4nc5ccccc5[nH]4)cc3)nn2)cc1,25200,-9.736
CHEMBL5282285,COc1cccc(NC(=S)Nc2ccc(C(c3c(O)c4ccccc4oc3=O)c3c(O)c4ccccc4oc3=O)cc2)c1,25310,-11.438
CHEMBL4580552,CC(C)=CCC/C(C)=C/CCC(C)(O)CCc1c(O)c(O)cc2oc3cc(O)cc(O)c3c(=O)c12,25400,-8.558
CHEMBL1782240,CC(C)=CCc1c(O)c(CC=C(C)C)c2oc3ccc(O)cc3c(=O)c2c1O,25500,-7.82
CHEMBL4284072,O=C1NC(=O)/C(=C/c2ccc(OCN3C(=O)c4ccccc4C3=O)cc2)S1,25600,-7.607
CHEMBL4097932,Cc1ccc(NC(=O)Cn2cc(CSc3nnc(-c4ccccc4)c(-c4ccccc4)n3)nn2)c(C)c1,25690,-9.614
CHEMBL1795464,COc1cc(-c2ccc(O)cc2)c(OC)c(O)c1-c1ccc(O)c(CC=C(C)C)c1,25700,-7.101
CHEMBL3577522,CCN(CCCCOc1ccc(-c2cc(=O)c3c(O)c(OC)c(OC)cc3o2)cc1)Cc1ccccc1OC,25780,-7.949
CHEMBL5209522,C=CCc1cc(-c2cc(CC=C)c3oc(SCc4nnc(-c5ccccc5Br)o4)nc3c2)c2oc(SCc3nnc(-c4ccccc4Br)o3)nc2c1,25800,-9.414
CHEMBL3103159,O=C(N/N=C1/c2ccccc2-c2nc3ccccc3nc21)c1ccccc1Cl,25910,-9.467
CHEMBL4476560,COc1ccc(NC(=O)Cn2cc(COc3cc(OC(C)=O)c4c(=O)c5ccc(Br)cc5oc4c3)nn2)cc1OC,26110,-8.904
CHEMBL5270813,C=Cc1cc2oc3cc(O)cc(O)c3c(=O)c2c(OC)c1O,26300,-6.673
CHEMBL3407630,O=C(N/N=C/c1ccc([N+](=O)[O-])cc1)c1ccc(-c2nc3ccccc3s2)cc1,26380,-7.03
CHEMBL5266858,Cc1ccc(-c2ccc(C(=O)Nc3nccs3)o2)cc1,26495,-7.814
CHEMBL4217851,C=CCOc1ccc(-c2cc(OC)c(-c3ccc(O)cc3)c(O)c2OC)cc1,26500,-7.305
CHEMBL1508503,O=C(Nc1nccs1)c1ccc(-c2ccccc2[N+](=O)[O-])o1,26943,-7.625
CHEMBL5440693,COc1cc(-c2[nH]c3ccccc3c2/C=N/NC(=S)Nc2ccccc2)cc(OC)c1OC,27000,-8.731
CHEMBL3264731,O=c1oc2ccc(Cl)cc2c(O)c1C(c1cccc([N+](=O)[O-])c1)c1c(O)c2cc(Cl)ccc2oc1=O,27070,-9.895
CHEMBL5277933,COc1cc(/C=C/C(=O)C2=C(/C=C/c3ccc(O)c(OC)c3)Oc3[nH]c(=O)[nH]c(=O)c3C2c2c(Cl)cccc2Cl)ccc1O,27600,-8.559
CHEMBL4082380,O=C(Cn1cc(CSc2nnc(-c3ccccc3)c(-c3ccccc3)n2)nn1)Nc1ccccc1,27710,-9
CHEMBL396677,C=C1CC[C@@H]2[C@](C)(COC(=O)c3cccnc3)[C@H](OC(=O)c3cccnc3)CC[C@@]2(C)[C@@H]1/C=C/C1=C/C(=C\C(C)=C\CCC/C=C/C)OC1=O,28000,-7.934
CHEMBL490011,C=C1C(=O)O[C@@H]2/C=C(\C)CC/C=C(\C)C[C@@H](OC(=O)/C(=C/CO)CO)[C@@H]12,28000,-6.755
CHEMBL5079023,C=C1C(=O)O[C@@H]2/C=C(\C)CC/C=C(\CC(=O)O)C[C@@H](OC(=O)/C(C)=C/C)[C@@H]12,28000,-6.871
CHEMBL5276823,COc1c(O)cc2oc3cc(O)c(C/C=C(\C)CO)c(O)c3c(=O)c2c1C/C=C(/C)CC=C(C)C,28000,-8.029
CHEMBL521162,C=C1C(=O)O[C@@H]2/C=C(\C)C[C@H](O)/C=C(\C)C[C@@H](OC(=O)/C(=C\C)CO)[C@@H]12,28000,-6.569
CHEMBL3593565,Cc1cc(O)cc(O)c1C(=O)O[C@H]1[C@@H]2COC(/C=C/C(=O)O)=CC2=CC(=O)[C@]1(C)O,28000,-7.046
CHEMBL3407635,O=C(N/N=C/c1ccc(F)c(Br)c1)c1ccc(-c2nc3ccccc3s2)cc1,28020,-7.447
CHEMBL2203334,N#C/C=C1\C=C(c2ccc(Br)cc2)N=C2Sc3ccccc3N21,28160,-7.57
CHEMBL4214309,CC(C)=CCC/C(C)=C/COc1cc2oc3ccc(O)cc3c(=O)c2c(O)c1CC=C(C)C,28400,-9.05
CHEMBL4212935,O=C1/C(=C/c2ccccc2)CCC/C1=C\c1cccc(O)c1,28400,-7.398
CHEMBL5289765,CC(C)=CCC[C@H](CO)[C@@H]1CC[C@@H](CO)c2c(O)cc(C)cc21,28400,-6.089
CHEMBL4451474,COc1c(O)cc2oc3cc(O)c(C/C=C(\C)CO)c(O)c3c(=O)c2c1C/C=C(\C)CCC=C(C)C,28700,-8.248
CHEMBL2347149,Cc1ccc(S(=O)(=O)Nc2ccc3c(c2)C(=O)N(CCNc2ccc(O)c(O)c2)C3=O)cc1,28820,-8.939
CHEMBL5094636,C=C1C(=O)O[C@@H]2/C=C(\C)CC/C=C(\C)C[C@@H](OC(=O)/C(=C\COC(C)=O)CO)[C@@H]12,29000,-7.011
CHEMBL3397480,CN1C(=O)C(=O)c2c1ccc1c2C(CC(=O)O)Oc2ccccc2-1,29000,-7.519
CHEMBL5070918,C=C1C(=O)O[C@@H]2/C=C(\C)CC/C=C(\C)C[C@@H](OC(=O)/C(=C\C)CO)[C@@H]12,29000,-6.436
CHEMBL5083965,C=C1C(=O)O[C@@H]2/C=C(\C)CC/C=C(\C)C[C@@H](OC(=O)/C(=C/C)CO)[C@@H]12,29000,-7.205
CHEMBL3972604,COc1cc(-c2nc(-c3ccccc3)c(-c3ccccc3)n2Cc2cn(CC(=O)Nc3ccc(Cl)cc3)nn2)cc(OC)c1OC,29210,-9.17
CHEMBL4287854,CCOc1cc(/C=C2\SC(=O)NC2=O)ccc1OCN1C(=O)c2ccccc2C1=O,29260,-7.438
CHEMBL5285019,CC(C)=CCc1cc2c(=O)c3c(O)c4c(cc3oc2c(O)c1O)OC(C)(C)C=C4,29360,-8.448
CHEMBL3103092,O=C(N/N=C1/c2ccccc2-c2nc3ccccc3nc21)c1ccc([N+](=O)[O-])cc1,29470,-9.227
CHEMBL4456031,COc1ccc(NC(=O)Cn2cc(COc3cc(O)c4c(=O)c5cc(Br)ccc5oc4c3)nn2)cc1OC,29840,-10.988
CHEMBL5281336,C=C(C)/C=C/c1c(O)cc2oc3cc(O)c(OC)c(CCC(C)(C)O)c3c(=O)c2c1O,29900,-6.985
CHEMBL5409042,Cc1cc2nc(NC(=O)CN3C(=O)S/C(=C\c4ccc(Cl)cc4)C3=O)sc2cc1C,29910,-8.026
CHEMBL5431278,CC(C)(C)c1ccc(CCCCCCC[C@H]2N[C@H](CO)[C@@H](O)[C@@H]2O)cc1.Cl,30000,None
CHEMBL5427599,CCCCCCCN1C[C@@H](O)[C@H](O)[C@H]1CO,30000,-5.389
CHEMBL5400939,COc1cc(/C=C2/C(=O)N(c3ccc(C)cc3)C(C(=O)NC3CCCCC3)c3ccccc32)ccc1O,30200,-9.472
CHEMBL5286422,COc1ccc(CNC(=O)c2c(NC(=O)c3cccnc3)sc3c2CCCC3)cc1,30200,-7.63
CHEMBL5270854,C=CCc1cc(-c2ccc(O)c(CC=C)c2)c(O)c(C(c2ccc(OC)cc2)N2CCCCC2)c1,30450,-7.498
CHEMBL5273562,C=C(C)/C=C/c1c(OC)c(O)cc2oc3cc4c(c(O)c3c(=O)c12)CC(O)C(C)(C)O4,30500,-8.166
CHEMBL5286328,CC1(C)O[C@@H]2[C@@H](O)[C@H]3NC(=O)O[C@H]3C[C@@H]2O1,30500,-7.173
CHEMBL187044,COc1cc(O)c2c(=O)c3c(O)c(O)ccc3oc2c1,30600,-6.599
CHEMBL4217516,COc1c(O)cc2oc3cc(O)c(CCC(C)(C)O)c(O)c3c(=O)c2c1CC=C(C)C,30700,-6.528
CHEMBL5289742,COc1ccc(-c2ccc(C(=O)Nc3nccs3)o2)cc1,30940,-7.677
CHEMBL5271324,COc1cc(O)c2c(=O)c3c(O)c(O[C@@H]4OC[C@@H](O)[C@H](O)[C@H]4O[C@@H]4O[C@@H](C)[C@H](O)[C@@H](O)[C@H]4O)ccc3oc2c1,31100,-7.082
CHEMBL4211347,COc1c(Cl)c(-c2ccc(O)cc2)c(OC)c(O)c1-c1ccc(O)cc1,31300,-6.95
CHEMBL5393724,COc1ccc2c(c1)/C(=C\c1ccc(O)c(OC)c1)C(=O)N(c1ccc(C(C)C)cc1)C2C(=O)NC(C)(C)C,31500,-8.448
CHEMBL5278005,C=C(C)/C=C/c1c(OC)c(O)cc2oc3cc4c(c(O)c3c(=O)c12)C=C(O)C(C)(C)O4,31700,-8.484
CHEMBL3093478,COc1cc(O)c2c(=O)c3cc(O)ccc3oc2c1,31800,-6.578
CHEMBL1083795,CCCCCCCCCCN[C@H]1[C@H](O)[C@@H](O)[C@H](O)[C@@H](O)[C@@H]1O,100000,-6.643
CHEMBL500701,CC(C)=CCC/C(C)=C/CCC(CC(=O)c1cc(O)ccc1O)C(=O)O,100000,-7.646
CHEMBL4094729,COC1(c2cc(O)ccc2O)C=C(CC/C=C(\C)CC/C=C(\C)C=O)C(=O)O1,100000,-7.585
CHEMBL4067277,CC(C)=CCC/C(C)=C/CC/C(=C/C(=O)c1cc(O)ccc1O)C(=O)O,100000,-7.483
CHEMBL3354628,C[C@H](OCCCCCN1C[C@H](O)[C@@H](O)[C@H](O)[C@@H]1CO)c1ccc(-c2ccccc2)cc1,100000,-7.197
CHEMBL3593571,C/C=C/c1occ(C(=O)c2c(OC)cc(OC)cc2C(=O)OC)c(=O)c1OC,100000,-6.477
CHEMBL3593569,C/C=C/c1[nH]cc(C(=O)c2c(OC)cc(OC)cc2C(=O)OC)c(=O)c1OC,100000,-6.166
CHEMBL3354637,OC[C@H]1[C@@H](O)[C@H](O)[C@@H](O)CN1CCCCCOCc1ccc(-c2ccccc2)c(F)c1,100000,-6.914
CHEMBL5440406,COc1cc(/C=C2/C(=O)N(c3ccc(O)cc3)C(C(=O)NC3CCCCC3)c3ccccc32)cc(OC)c1O,100000,-9.013
CHEMBL5430741,COc1cc(/C=C2/C(=O)N(c3ccc(C(F)(F)F)cc3)C(C(=O)NC3CCCCC3)c3ccccc32)cc(OC)c1O,100000,-12.386
CHEMBL5438667,COc1cc(/C=C2/C(=O)N(c3ccc(C(C)C)cc3)C(C(=O)NC(C)(C)C)c3ccccc32)cc(OC)c1O,100000,-9.366
CHEMBL241374,C=C1CC[C@@H]2[C@](C)(CO)[C@H](O)CC[C@@]2(C)[C@@H]1/C=C/C1=C/C(=C/c2ccco2)OC1=O,100000,-8.044
CHEMBL379280,C=C1CC[C@@H]2[C@]3(C)COC(c4cccc(Br)c4)O[C@@H]3CC[C@@]2(C)[C@@H]1C/C=C1/C(=O)OC[C@H]1O,100000,-8.547
CHEMBL1766482,CCCCCCCCCCCn1cc(CN[C@H]2[C@H](O)[C@@H](O)[C@H](O)[C@@H](O)[C@@H]2O)nn1,100000,-6.936
CHEMBL4521673,Cc1ccc(C)c(N2C(=O)/C(=C/c3ccc(F)cc3)S/C2=N\NC(=O)c2cc3ccccc3oc2=O)c1,100000,-10.765
CHEMBL1766489,OCCCCCCCCCCn1cc(CN[C@H]2[C@H](O)[C@@H](O)[C@H](O)[C@@H](O)[C@@H]2O)nn1,100000,-6.907
CHEMBL1082596,CCCCCCCCCCn1cc(CN[C@H]2[C@H](O)[C@@H](O)[C@H](O)[C@@H](O)[C@@H]2O)nn1,100000,-7.059
CHEMBL1085392,CCCCCCCCn1cc(CN[C@H]2[C@H](O)[C@@H](O)[C@H](O)[C@@H](O)[C@@H]2O)nn1,100000,-6.594
CHEMBL1766474,O[C@@H]1[C@@H](O)[C@H](O)[C@@H](NCc2cn(CCCCC3CCCCC3)nn2)[C@H](O)[C@H]1O,100000,-7.062
CHEMBL3354635,OC[C@H]1[C@@H](O)[C@H](O)[C@@H](O)CN1CCCCCOCc1ccc(-c2ccccc2)c(C(F)(F)F)c1,100000,-6.873
CHEMBL3354636,OC[C@H]1[C@@H](O)[C@H](O)[C@@H](O)CN1CCCCCOCc1ccc(-c2ccccc2)cc1F,100000,-7.379
CHEMBL5278158,CC1(C)C=Cc2c(cc3oc4c(O)c5c(cc4c(=O)c3c2O)C=CC(C)(C)O5)O1,100000,-8.157
CHEMBL4593240,O=C(N/N=C1\S/C(=C\c2ccc(F)cc2)C(=O)N1c1cccc(Cl)c1)c1cc2ccccc2oc1=O,100000,-10.684
CHEMBL1744444,C[C@]12CCC(=O)C[C@@H]1CC[C@@H]1[C@@H]2CC[C@]2(C)[C@@H](O)CC[C@@H]12.C[C@]12CC[C@H]3[C@@H](CCC4CC(=O)CC[C@@]43C)[C@@H]1CC[C@@H]2O,100000,None
CHEMBL4444626,COc1ccc2oc3cc(OCc4cn(CC(=O)Nc5ccc(OC)c(OC)c5)nn4)cc(O)c3c(=O)c2c1,100000,-9.569
CHEMBL367666,CCCCNC1C=C(CO)C(O)C(O)C1O,100000,-5.512
CHEMBL426933,CCCCCCCCCCCCCCCCCCNC1C=C(CO)C(O)C(O)C1O,100000,-6.131
CHEMBL1766473,O[C@@H]1[C@@H](O)[C@H](O)[C@@H](NCc2cn(CC34CC5CC(CC(C5)C3)C4)nn2)[C@H](O)[C@H]1O,100000,-6.756
CHEMBL4285567,COc1cc(/C=C2\SC(=O)NC2=O)cc(OC)c1OCN1C(=O)c2ccccc2C1=O,100000,-7.82
CHEMBL4287862,O=C1NC(=O)/C(=C/c2cc(Cl)ccc2OCN2C(=O)c3ccccc3C2=O)S1,100000,-8.124
CHEMBL4287437,O=C1NC(=O)/C(=C/c2cccc(OCN3C(=O)c4ccccc4C3=O)c2)S1,100000,-8.303
CHEMBL4294667,COc1cccc(/C=C2\SC(=O)NC2=O)c1OCN1C(=O)c2ccccc2C1=O,100000,-7.657
CHEMBL4288931,CCCCCCCCC[C@H]1NC[C@@H](O)[C@@H](O)[C@H]1CO,100000,-5.674
CHEMBL4281031,C[C@H]1NC[C@@H](O)[C@@H](O)[C@H]1CO,100000,-4.952
CHEMBL174067,OC1C(O)C(O)C2OC2C1O,100000,-5.254
CHEMBL506229,CC(C)=CCc1c(O)cc2oc3ccc(O)cc3c(=O)c2c1O,100000,-7.397
CHEMBL3314602,CC1(C)C=Cc2c(cc3oc4ccc(O)cc4c(=O)c3c2O)O1,100000,-8.002
CHEMBL4455066,COc1ccc2oc3cc(OCc4cn(CC(=O)Nc5ccc(OC)c(OC)c5)nn4)cc(OC(C)=O)c3c(=O)c2c1,100000,-9.989
CHEMBL4467634,Cc1cccc(N2C(=O)/C(=C/c3ccc(F)cc3)S/C2=N\NC(=O)c2cc3ccccc3oc2=O)c1C,100000,-9.86